,TEAM_ID,NEXT_SEASON,FGM,FGA,FG_PCT,FG3M,FG3A,FG3_PCT,FTM,FTA,FT_PCT,OREB,DREB,REB,AST,STL,BLK,TO,PF,PTS,PLUS_MINUS,NEXT_W
0,1610612737,2004,2857.0,6609.0,320.764,422.0,1256.0,104.083,1555.0,2004.0,377.943,1005.0,2543.0,3548.0,1666.0,633.0,410.0,1292.0,1853.0,7691.0,-1905.0,13
1,1610612737,2005,2997.0,6821.0,357.705,309.0,997.0,114.16,1456.0,2059.0,385.763,1123.0,2387.0,3510.0,1649.0,642.0,350.0,1289.0,2068.0,7759.0,-3983.0,26
2,1610612737,2006,3196.0,6997.0,358.522,450.0,1205.0,138.741,1804.0,2404.0,429.829,1141.0,2427.0,3568.0,1759.0,633.0,417.0,1377.0,2235.0,8646.0,-1950.0,30
3,1610612737,2007,3105.0,6986.0,369.11,385.0,1161.0,127.166,1865.0,2438.0,429.272,1067.0,2528.0,3595.0,1728.0,663.0,480.0,1400.0,2195.0,8460.0,-1950.0,37
4,1610612737,2008,3457.0,7668.0,382.692,436.0,1250.0,122.879,2129.0,2758.0,471.122,1189.0,2885.0,4074.0,2084.0,696.0,536.0,1411.0,2016.0,9479.0,-1165.0,47
5,1610612737,2009,3562.0,7853.0,404.16700000000003,714.0,1959.0,184.022,1911.0,2585.0,467.269,1063.0,2910.0,3973.0,1993.0,729.0,449.0,1255.0,2029.0,9749.0,255.0,53
6,1610612737,2010,3808.0,8211.0,441.755,605.0,1692.0,158.23,1809.0,2379.0,479.674,1185.0,2950.0,4135.0,2111.0,733.0,499.0,1164.0,2053.0,10030.0,1535.0,44
7,1610612737,2012,2684.0,5984.0,315.379,530.0,1469.0,162.451,1139.0,1527.0,315.17,739.0,2326.0,3065.0,1620.0,585.0,340.0,999.0,1346.0,7037.0,995.0,44
8,1610612737,2013,3523.0,7697.0,418.658,800.0,2167.0,214.933,1408.0,1969.0,407.955,890.0,2980.0,3870.0,2268.0,774.0,419.0,1343.0,1782.0,9254.0,10.0,38
9,1610612737,2014,3497.0,7772.0,407.669,891.0,2504.0,230.763,1654.0,2115.0,452.407,828.0,2997.0,3825.0,2313.0,795.0,392.0,1414.0,1863.0,9539.0,-230.0,60
10,1610612737,2015,3958.0,8622.0,475.788,1029.0,2792.0,297.397,1740.0,2243.0,498.587,935.0,3390.0,4325.0,2670.0,928.0,494.0,1413.0,1942.0,10685.0,2285.0,48
11,1610612737,2016,3760.0,8319.0,461.227,980.0,2820.0,290.215,1586.0,2018.0,476.89,821.0,3397.0,4218.0,2467.0,879.0,603.0,1450.0,1915.0,10086.0,1405.0,43
12,1610612737,2017,3609.0,8018.0,432.001,829.0,2460.0,236.426,1731.0,2366.0,447.199,981.0,3254.0,4235.0,2256.0,760.0,457.0,1454.0,1773.0,9778.0,-180.0,24
13,1610612737,2018,3297.0,7425.0,413.766,968.0,2700.0,268.957,1393.0,1779.0,427.029,783.0,2862.0,3645.0,2059.0,678.0,363.0,1322.0,1697.0,8955.0,-2305.0,29
14,1610612737,2021,4009.0,8716.0,446.61,1244.0,3406.0,268.78499999999997,1960.0,2412.0,452.389,1031.0,3491.0,4522.0,2345.0,688.0,449.0,1272.0,1998.0,11222.0,922.0,43
15,1610612738,2004,2994.0,6775.0,365.371,577.0,1676.0,161.964,1673.0,2229.0,381.979,899.0,2592.0,3491.0,1774.0,811.0,355.0,1391.0,1952.0,8238.0,-930.0,45
16,1610612738,2005,3365.0,7214.0,426.895,480.0,1386.0,177.544,1963.0,2568.0,466.864,1007.0,2719.0,3726.0,1980.0,753.0,485.0,1423.0,2261.0,9173.0,311.0,33
17,1610612738,2006,3217.0,6890.0,392.002,495.0,1372.0,153.645,1866.0,2481.0,418.303,888.0,2673.0,3561.0,1892.0,648.0,472.0,1465.0,2280.0,8795.0,-630.0,24
18,1610612738,2007,3146.0,7082.0,363.26800000000003,507.0,1390.0,146.572,1885.0,2475.0,438.874,1014.0,2626.0,3640.0,1792.0,688.0,425.0,1440.0,2199.0,8684.0,-1400.0,66
19,1610612738,2008,4058.0,8704.0,507.779,786.0,2123.0,189.12800000000001,2341.0,3046.0,563.543,1171.0,3573.0,4744.0,2517.0,951.0,522.0,1611.0,2660.0,11243.0,4885.0,62
20,1610612738,2009,3865.0,8091.0,470.1,681.0,1745.0,168.337,2054.0,2699.0,495.482,1101.0,3280.0,4381.0,2345.0,817.0,503.0,1554.0,2465.0,10465.0,3080.0,50
21,1610612738,2010,4145.0,8717.0,515.124,689.0,1966.0,179.49699999999999,2193.0,2942.0,552.44,994.0,3441.0,4435.0,2610.0,961.0,542.0,1594.0,2604.0,11172.0,1830.0,56
22,1610612738,2013,3382.0,7323.0,418.995,578.0,1618.0,170.874,1539.0,1970.0,417.488,729.0,2939.0,3668.0,2063.0,747.0,414.0,1334.0,1966.0,8881.0,-250.0,25
23,1610612738,2014,3272.0,7537.0,377.819,629.0,1915.0,185.298,1473.0,1894.0,418.1,1073.0,2732.0,3805.0,1894.0,661.0,381.0,1308.0,1938.0,8646.0,-1830.0,40
24,1610612738,2015,3610.0,8194.0,413.379,764.0,2337.0,206.346,1494.0,1982.0,448.88,1030.0,3068.0,4098.0,2273.0,779.0,336.0,1287.0,2019.0,9478.0,145.0,48
25,1610612738,2016,3609.0,8293.0,417.71,813.0,2452.0,215.234,1696.0,2171.0,465.309,1076.0,3140.0,4216.0,2229.0,833.0,420.0,1274.0,2047.0,9727.0,1285.0,53
26,1610612738,2017,4130.0,9085.0,508.205,1285.0,3568.0,327.645,1941.0,2437.0,498.805,976.0,3450.0,4426.0,2714.0,825.0,445.0,1391.0,2223.0,11486.0,1025.0,55
27,1610612738,2018,3988.0,8918.0,449.96999999999997,1188.0,3197.0,304.356,1716.0,2233.0,482.372,979.0,3649.0,4628.0,2338.0,774.0,471.0,1350.0,2091.0,10880.0,1760.0,49
28,1610612738,2021,3526.0,7656.0,405.775,1131.0,3125.0,239.298,1397.0,1797.0,354.479,919.0,2869.0,3788.0,1975.0,672.0,473.0,1175.0,1749.0,9580.0,-97.0,51
29,1610612739,2004,2992.0,6903.0,327.799,254.0,804.0,91.084,1564.0,2087.0,378.859,1138.0,2693.0,3831.0,1854.0,604.0,552.0,1207.0,1801.0,7802.0,-1075.0,42
30,1610612739,2005,3064.0,6844.0,341.362,301.0,909.0,104.031,1673.0,2231.0,366.308,1139.0,2409.0,3548.0,1894.0,671.0,469.0,1098.0,1905.0,8102.0,325.0,50
31,1610612739,2006,3606.0,8006.0,419.496,598.0,1787.0,147.286,2147.0,2925.0,448.52,1241.0,3113.0,4354.0,1925.0,732.0,493.0,1432.0,2273.0,9957.0,710.0,50
32,1610612739,2007,3865.0,8740.0,441.246,631.0,1832.0,176.707,1978.0,2819.0,455.281,1362.0,3387.0,4749.0,2203.0,823.0,452.0,1516.0,2372.0,10339.0,1785.0,45
33,1610612739,2008,3517.0,8112.0,387.213,662.0,1890.0,168.726,1872.0,2610.0,419.077,1313.0,3150.0,4463.0,2006.0,697.0,525.0,1364.0,2154.0,9568.0,-5.0,66
34,1610612739,2009,3771.0,8120.0,444.63100000000003,791.0,2062.0,206.712,1967.0,2626.0,469.491,1113.0,3229.0,4342.0,2095.0,736.0,531.0,1260.0,2161.0,10300.0,4255.0,61
35,1610612739,2010,3719.0,7746.0,442.188,720.0,1930.0,198.91899999999998,1973.0,2720.0,461.207,959.0,3246.0,4205.0,2214.0,675.0,531.0,1332.0,1988.0,10131.0,2745.0,19
36,1610612739,2012,2318.0,5508.0,280.42,451.0,1315.0,149.127,1233.0,1732.0,324.082,868.0,2014.0,2882.0,1346.0,490.0,275.0,1004.0,1372.0,6320.0,-2375.0,24
37,1610612739,2013,3189.0,7377.0,358.67199999999997,590.0,1694.0,151.339,1501.0,1994.0,408.603,1073.0,2535.0,3608.0,1810.0,701.0,355.0,1207.0,1872.0,8469.0,-1920.0,33
38,1610612739,2014,3293.0,7601.0,379.92199999999997,634.0,1798.0,182.134,1570.0,2086.0,441.14300000000003,1101.0,2884.0,3985.0,1911.0,649.0,340.0,1273.0,1864.0,8790.0,-1350.0,53
39,1610612739,2015,4007.0,8879.0,442.388,1085.0,2992.0,234.829,1965.0,2620.0,439.94,1228.0,3499.0,4727.0,2308.0,768.0,494.0,1447.0,2071.0,11064.0,2300.0,57
40,1610612739,2016,4206.0,9155.0,498.478,1208.0,3275.0,281.448,1796.0,2412.0,459.092,1149.0,3688.0,4837.0,2463.0,766.0,428.0,1422.0,2262.0,11416.0,3145.0,51
41,1610612739,2017,4231.0,8949.0,490.51,1380.0,3551.0,317.043,1909.0,2536.0,455.753,964.0,3612.0,4576.0,2403.0,723.0,436.0,1402.0,1964.0,11751.0,1880.0,50
42,1610612739,2018,4306.0,9168.0,513.331,1254.0,3448.0,289.807,1946.0,2523.0,496.539,952.0,3631.0,4583.0,2459.0,755.0,428.0,1456.0,2062.0,11812.0,20.0,19
43,1610612739,2021,2979.0,6662.0,332.459,785.0,2326.0,195.757,1309.0,1766.0,350.056,811.0,2538.0,3349.0,1850.0,614.0,358.0,1158.0,1441.0,8052.0,-3221.0,44
44,1610612740,2004,3016.0,7213.0,348.918,579.0,1806.0,123.53,1585.0,2108.0,404.866,1188.0,2655.0,3843.0,1878.0,759.0,382.0,1282.0,1882.0,8196.0,-160.0,18
45,1610612740,2005,2807.0,6778.0,324.357,427.0,1360.0,116.118,1468.0,1922.0,409.246,1057.0,2354.0,3411.0,1770.0,574.0,319.0,1190.0,1970.0,7509.0,-2890.0,38
46,1610612740,2006,3066.0,6950.0,378.983,344.0,1009.0,118.606,1796.0,2386.0,447.849,998.0,2571.0,3569.0,1658.0,651.0,341.0,1140.0,1957.0,8272.0,-1155.0,39
47,1610612740,2007,3213.0,7221.0,370.611,485.0,1347.0,142.00300000000001,1582.0,2143.0,407.774,1092.0,2706.0,3798.0,1676.0,577.0,379.0,1234.0,1824.0,8493.0,-645.0,56
48,1610612740,2008,3853.0,8324.0,440.548,738.0,1926.0,185.278,1677.0,2203.0,434.626,1145.0,3088.0,4233.0,2137.0,780.0,409.0,1148.0,1962.0,10121.0,2385.0,49
49,1610612740,2009,3307.0,7269.0,409.309,639.0,1764.0,167.53900000000002,1724.0,2154.0,413.101,911.0,2825.0,3736.0,1848.0,696.0,381.0,1148.0,1942.0,8977.0,30.0,37
50,1610612740,2010,3433.0,7467.0,381.544,628.0,1735.0,162.96699999999998,1472.0,1880.0,408.611,935.0,2677.0,3612.0,1974.0,677.0,322.0,1186.0,1818.0,8966.0,-1010.0,46
51,1610612740,2012,2370.0,5261.0,295.112,266.0,797.0,93.486,1102.0,1457.0,313.808,746.0,2044.0,2790.0,1406.0,509.0,326.0,991.0,1362.0,6108.0,-1240.0,27
52,1610612740,2013,3200.0,7204.0,385.842,588.0,1635.0,163.149,1401.0,1832.0,408.076,1086.0,2699.0,3785.0,1875.0,577.0,486.0,1268.0,1839.0,8389.0,-1585.0,34
53,1610612740,2014,3391.0,7381.0,406.915,546.0,1437.0,178.561,1657.0,2148.0,427.058,1005.0,2720.0,3725.0,1900.0,735.0,559.0,1210.0,2064.0,8985.0,-1110.0,45
54,1610612740,2015,3502.0,7681.0,407.83,673.0,1833.0,178.257,1557.0,2064.0,402.0,1062.0,2987.0,4049.0,2041.0,641.0,576.0,1194.0,1794.0,9234.0,470.0,30
55,1610612740,2016,3390.0,7638.0,372.579,768.0,2139.0,204.666,1599.0,2062.0,409.627,851.0,2959.0,3810.0,1933.0,697.0,373.0,1171.0,1887.0,9147.0,-1685.0,34
56,1610612740,2017,3438.0,7636.0,366.298,819.0,2334.0,222.875,1494.0,1988.0,354.63,747.0,3106.0,3853.0,2019.0,677.0,479.0,1106.0,1641.0,9189.0,-1015.0,48
57,1610612740,2018,4024.0,8369.0,411.745,960.0,2666.0,243.83499999999998,1543.0,1994.0,347.94,810.0,3392.0,4202.0,2518.0,762.0,552.0,1379.0,1832.0,10551.0,260.0,33
58,1610612740,2021,3310.0,6944.0,357.644,822.0,2387.0,170.508,1479.0,2048.0,358.097,920.0,2820.0,3740.0,1984.0,595.0,337.0,1074.0,1398.0,8921.0,148.0,36
59,1610612741,2004,2819.0,6799.0,325.501,431.0,1259.0,107.94800000000001,1340.0,1848.0,361.901,1048.0,2544.0,3592.0,1803.0,664.0,405.0,1264.0,1932.0,7409.0,-2610.0,47
60,1610612741,2005,3154.0,7325.0,381.372,584.0,1632.0,147.452,1716.0,2307.0,455.419,1118.0,2858.0,3976.0,1932.0,646.0,407.0,1474.0,2282.0,8608.0,376.0,41
61,1610612741,2006,3471.0,7814.0,430.175,648.0,1710.0,179.19,1768.0,2413.0,460.335,1063.0,3025.0,4088.0,2072.0,613.0,398.0,1422.0,2419.0,9358.0,170.0,49
62,1610612741,2007,3661.0,8042.0,435.463,567.0,1488.0,148.563,1901.0,2608.0,462.149,1196.0,3148.0,4344.0,2219.0,784.0,525.0,1557.0,2357.0,9790.0,2110.0,33
63,1610612741,2008,3226.0,7377.0,372.201,519.0,1407.0,145.99,1662.0,2220.0,431.378,1110.0,2689.0,3799.0,1975.0,694.0,467.0,1293.0,1974.0,8633.0,-1265.0,41
64,1610612741,2009,3665.0,8079.0,388.866,589.0,1562.0,153.085,1994.0,2508.0,491.929,1128.0,2987.0,4115.0,2015.0,723.0,555.0,1395.0,2103.0,9913.0,-265.0,41
65,1610612741,2010,3539.0,7860.0,377.343,406.0,1217.0,147.028,1757.0,2323.0,453.911,1076.0,3128.0,4204.0,1962.0,618.0,542.0,1310.0,1972.0,9241.0,-900.0,62
66,1610612741,2012,2744.0,6092.0,318.569,451.0,1215.0,126.982,1114.0,1548.0,307.394,1001.0,2453.0,3454.0,1709.0,497.0,440.0,1006.0,1315.0,7053.0,2650.0,45
67,1610612741,2013,3569.0,8208.0,387.977,534.0,1558.0,151.911,1705.0,2233.0,459.263,1271.0,3097.0,4368.0,2257.0,742.0,515.0,1398.0,2054.0,9377.0,-270.0,48
68,1610612741,2014,3271.0,7574.0,356.279,586.0,1687.0,152.317,1775.0,2294.0,426.63,1093.0,3122.0,4215.0,2129.0,681.0,493.0,1348.0,1880.0,8903.0,645.0,50
69,1610612741,2015,3689.0,8437.0,401.632,819.0,2309.0,222.512,2007.0,2566.0,464.629,1190.0,3470.0,4660.0,2209.0,659.0,604.0,1360.0,1915.0,10204.0,1515.0,42
70,1610612741,2016,3460.0,7882.0,383.397,733.0,1983.0,220.57999999999998,1493.0,1909.0,400.251,1023.0,3188.0,4211.0,2037.0,552.0,499.0,1207.0,1743.0,9146.0,-745.0,41
71,1610612741,2017,3652.0,8236.0,428.57099999999997,719.0,2142.0,210.685,1721.0,2151.0,432.388,1153.0,3265.0,4418.0,2141.0,735.0,476.0,1268.0,1725.0,9744.0,60.0,27
72,1610612741,2018,3392.0,7787.0,389.278,986.0,2754.0,234.029,1271.0,1687.0,403.42,836.0,3083.0,3919.0,2084.0,674.0,320.0,1197.0,1730.0,9041.0,-3110.0,22
73,1610612741,2021,3349.0,7099.0,372.262,998.0,2747.0,221.329,1147.0,1462.0,365.296,766.0,2861.0,3627.0,2117.0,537.0,345.0,1188.0,1511.0,8843.0,-426.0,46
74,1610612742,2004,3587.0,7870.0,367.658,535.0,1557.0,152.513,1599.0,2029.0,418.319,1303.0,2760.0,4063.0,2106.0,720.0,479.0,1065.0,1781.0,9308.0,1855.0,58
75,1610612742,2005,3686.0,8095.0,420.887,567.0,1549.0,176.75300000000001,2216.0,2809.0,485.297,1226.0,3025.0,4251.0,1900.0,829.0,541.0,1272.0,2227.0,10155.0,2251.0,60
76,1610612742,2006,4052.0,8811.0,482.65500000000003,558.0,1536.0,165.621,2499.0,3184.0,546.934,1401.0,3346.0,4747.0,1967.0,832.0,645.0,1474.0,2625.0,11161.0,2960.0,67
77,1610612742,2007,3434.0,7510.0,413.575,609.0,1658.0,191.944,1951.0,2445.0,459.137,1097.0,2958.0,4055.0,1866.0,662.0,483.0,1303.0,2176.0,9428.0,2737.0,51
78,1610612742,2008,3461.0,7511.0,423.669,565.0,1604.0,184.786,1995.0,2455.0,443.295,1024.0,3070.0,4094.0,1963.0,566.0,453.0,1166.0,2098.0,9482.0,1640.0,50
79,1610612742,2009,3785.0,8174.0,451.271,695.0,1973.0,202.034,1911.0,2370.0,490.773,1079.0,3180.0,4259.0,2130.0,722.0,515.0,1261.0,2028.0,10176.0,765.0,55
80,1610612742,2010,3593.0,7786.0,400.806,633.0,1735.0,180.309,1814.0,2233.0,432.906,977.0,3004.0,3981.0,2182.0,732.0,501.0,1192.0,1880.0,9633.0,1100.0,57
81,1610612742,2012,2587.0,5882.0,314.582,543.0,1591.0,148.043,1153.0,1486.0,322.025,728.0,2328.0,3056.0,1485.0,619.0,357.0,980.0,1361.0,6870.0,185.0,41
82,1610612742,2013,3390.0,7385.0,412.009,645.0,1764.0,187.424,1441.0,1824.0,438.057,827.0,2874.0,3701.0,2044.0,709.0,496.0,1207.0,1819.0,8866.0,-245.0,49
83,1610612742,2014,3808.0,8132.0,464.089,835.0,2191.0,223.746,1586.0,2010.0,442.902,1002.0,2968.0,3970.0,2258.0,818.0,437.0,1296.0,1958.0,10037.0,915.0,50
84,1610612742,2015,3757.0,8149.0,475.436,849.0,2440.0,237.522,1649.0,2206.0,475.986,1014.0,3035.0,4049.0,2139.0,763.0,428.0,1224.0,1992.0,10012.0,1205.0,42
85,1610612742,2016,3467.0,7887.0,425.485,881.0,2639.0,201.85399999999998,1668.0,2118.0,480.291,859.0,3162.0,4021.0,2053.0,644.0,353.0,1181.0,1858.0,9483.0,-955.0,33
86,1610612742,2017,3211.0,7349.0,409.214,938.0,2663.0,244.701,1327.0,1663.0,412.988,729.0,2747.0,3476.0,1843.0,662.0,340.0,1024.0,1728.0,8687.0,-1510.0,24
87,1610612742,2018,3353.0,7555.0,413.57099999999997,1052.0,2913.0,247.607,1248.0,1652.0,400.387,721.0,2939.0,3660.0,1994.0,634.0,335.0,1059.0,1689.0,9006.0,-1105.0,33
88,1610612742,2021,3385.0,7254.0,401.722,1156.0,3154.0,228.196,1357.0,1754.0,393.802,767.0,2818.0,3585.0,1889.0,514.0,342.0,940.0,1618.0,9283.0,794.0,52
89,1610612743,2004,3172.0,7180.0,365.283,353.0,1046.0,125.411,1707.0,2233.0,400.492,1151.0,2517.0,3668.0,1892.0,782.0,534.0,1269.0,1920.0,8404.0,322.0,49
90,1610612743,2005,3386.0,7384.0,395.305,355.0,1044.0,140.008,1975.0,2601.0,441.634,1064.0,2771.0,3835.0,2177.0,834.0,542.0,1328.0,2134.0,9102.0,576.0,44
91,1610612743,2006,3529.0,7699.0,398.91700000000003,402.0,1240.0,123.7,2014.0,2712.0,432.992,1056.0,2866.0,3922.0,2195.0,802.0,519.0,1386.0,2216.0,9474.0,-95.0,45
92,1610612743,2007,3603.0,7776.0,387.294,574.0,1689.0,139.29,2106.0,2840.0,430.66,1140.0,2946.0,4086.0,2178.0,769.0,486.0,1533.0,2046.0,9886.0,515.0,50
93,1610612743,2008,3730.0,7961.0,384.303,630.0,1815.0,178.234,2174.0,2911.0,419.52,1055.0,3067.0,4122.0,2247.0,836.0,600.0,1357.0,2016.0,10264.0,1255.0,54
94,1610612743,2009,3909.0,8323.0,466.42,705.0,1901.0,176.27100000000002,2486.0,3303.0,527.159,1159.0,3207.0,4366.0,2337.0,940.0,612.0,1523.0,2462.0,11009.0,2090.0,53
95,1610612743,2010,3601.0,7681.0,422.181,615.0,1714.0,160.16,2320.0,3021.0,454.06,1014.0,2916.0,3930.0,1986.0,790.0,479.0,1334.0,2223.0,10137.0,1640.0,50
96,1610612743,2012,2925.0,6204.0,347.281,484.0,1484.0,131.43,1452.0,1981.0,375.783,878.0,2408.0,3286.0,1781.0,612.0,389.0,1098.0,1492.0,7786.0,965.0,57
97,1610612743,2013,3802.0,8059.0,441.89,608.0,1790.0,163.028,1764.0,2519.0,447.427,1270.0,2980.0,4250.0,2275.0,877.0,583.0,1429.0,1965.0,9976.0,1960.0,36
98,1610612743,2014,3391.0,7644.0,387.53999999999996,732.0,2079.0,173.926,1688.0,2347.0,426.958,1097.0,2954.0,4051.0,1980.0,668.0,497.0,1392.0,2087.0,9202.0,-880.0,30
99,1610612743,2015,3382.0,7801.0,409.399,705.0,2169.0,178.356,1631.0,2237.0,447.548,1112.0,2912.0,4024.0,1947.0,703.0,404.0,1274.0,2105.0,9100.0,-1630.0,33
100,1610612743,2016,3350.0,7594.0,376.372,710.0,2105.0,203.70399999999998,1645.0,2160.0,418.923,1024.0,2971.0,3995.0,2003.0,673.0,416.0,1279.0,1889.0,9055.0,-1150.0,40
101,1610612743,2017,3673.0,7879.0,408.19599999999997,926.0,2563.0,234.439,1723.0,2240.0,439.509,1074.0,3140.0,4214.0,2256.0,632.0,356.0,1328.0,1738.0,9995.0,230.0,46
102,1610612743,2018,3526.0,7533.0,389.229,1001.0,2683.0,243.709,1496.0,1961.0,418.266,950.0,2914.0,3864.0,2184.0,671.0,423.0,1260.0,1636.0,9549.0,595.0,54
103,1610612743,2021,3892.0,8048.0,435.451,1177.0,3116.0,296.325,1438.0,1825.0,409.135,954.0,3051.0,4005.0,2421.0,716.0,406.0,1158.0,1759.0,10399.0,1842.0,48
104,1610612744,2004,2875.0,6511.0,310.615,429.0,1283.0,126.699,1470.0,2028.0,352.857,1002.0,2533.0,3535.0,1681.0,576.0,389.0,1154.0,1691.0,7649.0,-300.0,34
105,1610612744,2005,3124.0,7285.0,335.402,633.0,1806.0,163.439,1468.0,2028.0,372.65500000000003,1103.0,2529.0,3632.0,1867.0,669.0,431.0,1130.0,1905.0,8349.0,-885.0,34
106,1610612744,2006,3169.0,7351.0,379.527,675.0,1981.0,159.928,1744.0,2424.0,413.154,1071.0,2706.0,3777.0,1815.0,664.0,383.0,1232.0,2139.0,8757.0,-555.0,42
107,1610612744,2007,3920.0,8449.0,418.642,855.0,2403.0,205.946,1903.0,2650.0,445.082,1129.0,2941.0,4070.0,2276.0,920.0,556.0,1569.0,2405.0,10598.0,-45.0,48
108,1610612744,2008,3603.0,7872.0,369.892,800.0,2301.0,188.526,1655.0,2194.0,401.071,1103.0,2656.0,3759.0,1947.0,794.0,405.0,1150.0,2020.0,9661.0,905.0,29
109,1610612744,2009,3429.0,7468.0,367.205,586.0,1570.0,169.75900000000001,1999.0,2540.0,434.769,1008.0,2657.0,3665.0,1818.0,699.0,557.0,1267.0,1970.0,9443.0,-1535.0,26
110,1610612744,2010,3641.0,7744.0,358.361,684.0,1817.0,171.28799999999998,1823.0,2321.0,401.527,825.0,2641.0,3466.0,2029.0,838.0,382.0,1307.0,2078.0,9789.0,-1475.0,36
111,1610612744,2012,2565.0,5615.0,295.0,531.0,1382.0,121.451,990.0,1289.0,277.093,667.0,2014.0,2681.0,1518.0,558.0,374.0,923.0,1463.0,6651.0,-1125.0,47
112,1610612744,2013,3855.0,8392.0,432.18399999999997,815.0,2026.0,180.572,1671.0,2165.0,475.707,1087.0,3442.0,4529.0,2258.0,701.0,439.0,1528.0,2212.0,10196.0,375.0,51
113,1610612744,2014,3752.0,8197.0,416.027,896.0,2374.0,204.364,1540.0,2061.0,423.385,1066.0,3261.0,4327.0,2242.0,769.0,479.0,1468.0,2142.0,9940.0,1815.0,67
114,1610612744,2015,4531.0,9528.0,547.607,1202.0,3059.0,246.908,1808.0,2409.0,505.477,1160.0,3788.0,4948.0,2988.0,1007.0,662.0,1607.0,2297.0,12072.0,5400.0,73
115,1610612744,2016,4675.0,9763.0,584.9879999999999,1443.0,3536.0,290.263,1936.0,2582.0,533.764,1131.0,3991.0,5122.0,3124.0,939.0,675.0,1664.0,2414.0,12729.0,4890.0,67
116,1610612744,2017,4535.0,9206.0,600.748,1295.0,3362.0,242.45,1955.0,2473.0,518.236,991.0,3754.0,4745.0,3158.0,1008.0,711.0,1539.0,2112.0,12320.0,6310.0,58
117,1610612744,2018,4548.0,9143.0,596.749,1208.0,3155.0,219.977,1775.0,2187.0,492.59,936.0,3754.0,4690.0,3059.0,857.0,760.0,1555.0,2116.0,12079.0,3605.0,57
118,1610612744,2021,3334.0,7232.0,381.691,1177.0,3184.0,242.202,1370.0,1745.0,383.469,655.0,2835.0,3490.0,2186.0,666.0,403.0,1196.0,1734.0,9215.0,-5.0,53
119,1610612745,2004,2950.0,6701.0,343.773,546.0,1513.0,149.45,1495.0,1947.0,370.781,918.0,2870.0,3788.0,1683.0,601.0,466.0,1418.0,1935.0,7941.0,575.0,51
120,1610612745,2005,3149.0,7084.0,356.626,607.0,1671.0,156.744,1734.0,2223.0,398.091,975.0,2846.0,3821.0,1890.0,628.0,425.0,1204.0,2030.0,8639.0,1557.0,34
121,1610612745,2006,2918.0,6734.0,333.791,503.0,1512.0,119.82900000000001,1666.0,2187.0,391.981,912.0,2785.0,3697.0,1719.0,650.0,353.0,1245.0,2028.0,8005.0,-650.0,52
122,1610612745,2007,3336.0,7550.0,391.001,828.0,2243.0,172.611,1702.0,2264.0,383.338,1030.0,3114.0,4144.0,1966.0,686.0,392.0,1351.0,1996.0,9202.0,1880.0,55
123,1610612745,2008,3389.0,7583.0,416.426,652.0,1908.0,162.75900000000001,1539.0,2129.0,371.875,1133.0,3006.0,4139.0,1959.0,695.0,472.0,1233.0,1869.0,8969.0,1845.0,53
124,1610612745,2009,3637.0,8048.0,419.432,763.0,2062.0,195.476,1902.0,2378.0,469.012,1061.0,3282.0,4343.0,2020.0,678.0,417.0,1381.0,1978.0,9939.0,1545.0,42
125,1610612745,2010,3377.0,7564.0,373.966,702.0,1994.0,160.564,1757.0,2288.0,451.339,1060.0,2725.0,3785.0,1941.0,649.0,355.0,1272.0,1928.0,9213.0,-150.0,43
126,1610612745,2012,2562.0,5702.0,284.584,486.0,1368.0,123.218,1060.0,1357.0,293.754,794.0,2080.0,2874.0,1449.0,512.0,325.0,949.0,1410.0,6670.0,75.0,45
127,1610612745,2013,3603.0,7864.0,426.043,1004.0,2750.0,228.569,1805.0,2421.0,401.427,1056.0,3073.0,4129.0,2195.0,776.0,417.0,1502.0,1943.0,10015.0,1250.0,54
128,1610612745,2014,3628.0,7725.0,386.957,903.0,2536.0,216.59,2089.0,2919.0,427.137,1104.0,3238.0,4342.0,2032.0,725.0,529.0,1466.0,2012.0,10248.0,1880.0,56
129,1610612745,2015,3933.0,8901.0,449.245,1174.0,3379.0,255.814,2099.0,3002.0,422.429,1249.0,3466.0,4715.0,2329.0,1010.0,531.0,1698.0,2418.0,11139.0,1295.0,41
130,1610612745,2016,3566.0,8008.0,427.578,1001.0,2952.0,217.888,1919.0,2780.0,404.96,1128.0,3040.0,4168.0,2090.0,953.0,485.0,1474.0,2137.0,10052.0,-420.0,55
131,1610612745,2017,3960.0,8633.0,448.932,1395.0,3952.0,236.134,2027.0,2635.0,436.757,1078.0,3336.0,4414.0,2425.0,798.0,434.0,1430.0,2011.0,11342.0,2610.0,65
132,1610612745,2018,3944.0,8676.0,421.079,1559.0,4346.0,244.714,1969.0,2524.0,447.25600000000003,919.0,3540.0,4459.0,2176.0,871.0,503.0,1344.0,2008.0,11416.0,3790.0,53
133,1610612745,2021,3094.0,6971.0,329.467,1093.0,3207.0,232.976,1301.0,1757.0,349.199,729.0,2644.0,3373.0,1847.0,609.0,399.0,1129.0,1567.0,8582.0,-2705.0,20
134,1610612746,2004,2849.0,6662.0,315.255,333.0,1035.0,95.449,1819.0,2321.0,380.448,1170.0,2445.0,3615.0,1665.0,604.0,384.0,1303.0,1841.0,7850.0,-1880.0,37
135,1610612746,2005,3047.0,6681.0,352.71,245.0,711.0,93.388,1873.0,2414.0,385.391,1037.0,2580.0,3617.0,1983.0,633.0,453.0,1278.0,1938.0,8212.0,-314.0,47
136,1610612746,2006,3713.0,7952.0,414.53000000000003,380.0,1066.0,115.747,2104.0,2653.0,470.874,1043.0,3325.0,4368.0,2106.0,653.0,616.0,1409.0,2328.0,9910.0,870.0,40
137,1610612746,2007,3085.0,6806.0,339.325,340.0,982.0,99.257,1906.0,2415.0,415.498,963.0,2647.0,3610.0,1872.0,656.0,490.0,1290.0,2038.0,8416.0,-190.0,23
138,1610612746,2008,3075.0,7032.0,357.721,383.0,1162.0,124.183,1878.0,2406.0,412.516,891.0,2726.0,3617.0,1904.0,627.0,438.0,1264.0,1951.0,8411.0,-2980.0,19
139,1610612746,2009,3199.0,7266.0,351.394,577.0,1634.0,148.81,1462.0,1988.0,371.958,958.0,2594.0,3552.0,1860.0,636.0,512.0,1283.0,1822.0,8437.0,-3595.0,29
140,1610612746,2010,3274.0,7149.0,379.754,526.0,1579.0,140.83599999999998,1492.0,2051.0,386.185,992.0,2716.0,3708.0,1994.0,592.0,506.0,1348.0,1762.0,8566.0,-2605.0,32
141,1610612746,2012,2898.0,6359.0,332.588,603.0,1669.0,153.18699999999998,1261.0,1855.0,305.827,910.0,2299.0,3209.0,1629.0,681.0,396.0,983.0,1712.0,7660.0,590.0,56
142,1610612746,2013,3665.0,7690.0,468.491,695.0,1988.0,190.74,1593.0,2254.0,424.624,1087.0,2900.0,3987.0,2241.0,906.0,555.0,1348.0,2050.0,9618.0,2480.0,57
143,1610612746,2014,3998.0,8506.0,467.075,874.0,2476.0,222.37199999999999,2184.0,2986.0,466.778,1075.0,3282.0,4357.0,2514.0,896.0,501.0,1380.0,2293.0,11054.0,2990.0,56
144,1610612746,2015,4060.0,8670.0,466.605,1019.0,2769.0,244.769,1916.0,2733.0,444.523,984.0,3425.0,4409.0,2527.0,846.0,516.0,1270.0,2288.0,11055.0,2455.0,53
145,1610612746,2016,3582.0,7759.0,454.733,881.0,2452.0,227.418,1700.0,2472.0,421.254,830.0,3137.0,3967.0,2125.0,816.0,515.0,1185.0,2022.0,9745.0,1655.0,51
146,1610612746,2017,3690.0,7817.0,450.743,945.0,2561.0,255.236,1822.0,2448.0,460.721,830.0,3188.0,4018.0,2106.0,705.0,384.0,1211.0,1914.0,10147.0,1405.0,42
147,1610612746,2018,3481.0,7395.0,422.085,823.0,2323.0,186.206,1677.0,2260.0,394.374,866.0,2933.0,3799.0,1950.0,677.0,385.0,1259.0,1762.0,9462.0,-45.0,48
148,1610612746,2021,3909.0,8180.0,468.466,1349.0,3352.0,319.109,1612.0,1938.0,440.472,882.0,3277.0,4159.0,2259.0,666.0,402.0,1141.0,1863.0,10779.0,2340.0,42
149,1610612747,2004,3755.0,8315.0,439.222,474.0,1455.0,168.03900000000002,2007.0,2966.0,423.587,1225.0,3196.0,4421.0,2446.0,843.0,472.0,1362.0,2235.0,9991.0,1700.0,34
150,1610612747,2005,2925.0,6697.0,328.388,650.0,1826.0,170.047,1699.0,2185.0,353.302,1033.0,2542.0,3575.0,1692.0,516.0,348.0,1139.0,1813.0,8198.0,-1183.0,45
151,1610612747,2006,3533.0,7822.0,407.021,621.0,1825.0,181.669,1962.0,2633.0,404.401,1163.0,2935.0,4098.0,2015.0,744.0,399.0,1336.0,2291.0,9652.0,790.0,42
152,1610612747,2007,3583.0,7706.0,437.444,691.0,1957.0,216.056,1892.0,2563.0,421.507,1037.0,2859.0,3896.0,2118.0,710.0,478.0,1467.0,2220.0,9749.0,-290.0,57
153,1610612747,2008,4238.0,8936.0,493.56600000000003,852.0,2261.0,240.671,2359.0,3092.0,512.619,1157.0,3564.0,4721.0,2590.0,848.0,581.0,1511.0,2319.0,11687.0,3205.0,65
154,1610612747,2009,4416.0,9358.0,512.155,737.0,2043.0,247.893,2225.0,2913.0,523.742,1336.0,3539.0,4875.0,2514.0,977.0,600.0,1511.0,2422.0,11794.0,3970.0,57
155,1610612747,2010,4296.0,9386.0,484.539,739.0,2185.0,235.374,2169.0,2839.0,509.978,1355.0,3605.0,4960.0,2377.0,839.0,582.0,1480.0,2324.0,11500.0,2375.0,57
156,1610612747,2012,2921.0,6457.0,321.536,444.0,1359.0,140.315,1462.0,1928.0,307.811,989.0,2684.0,3673.0,1760.0,466.0,452.0,1144.0,1403.0,7748.0,220.0,45
157,1610612747,2013,3417.0,7521.0,365.799,784.0,2231.0,203.081,1791.0,2584.0,383.517,1045.0,3098.0,4143.0,2060.0,651.0,493.0,1409.0,1716.0,9409.0,100.0,27
158,1610612747,2014,3406.0,7633.0,380.569,842.0,2237.0,210.088,1559.0,2049.0,415.274,812.0,2881.0,3693.0,2180.0,662.0,477.0,1363.0,1799.0,9213.0,-2580.0,21
159,1610612747,2015,3345.0,7682.0,381.582,557.0,1628.0,159.914,1582.0,2137.0,427.457,1039.0,2882.0,3921.0,1890.0,649.0,406.0,1162.0,1958.0,8829.0,-3195.0,17
160,1610612747,2016,3112.0,7513.0,385.413,688.0,2173.0,160.327,1738.0,2238.0,451.513,953.0,2856.0,3809.0,1602.0,649.0,369.0,1162.0,1843.0,8650.0,-4215.0,26
161,1610612747,2017,3531.0,7857.0,417.365,814.0,2345.0,178.002,1546.0,2079.0,423.859,1011.0,2895.0,3906.0,1893.0,753.0,350.0,1325.0,1894.0,9422.0,-2875.0,35
162,1610612747,2018,3565.0,7741.0,403.889,862.0,2535.0,198.852,1465.0,2053.0,390.125,925.0,3145.0,4070.0,2097.0,700.0,409.0,1373.0,1887.0,9457.0,-765.0,37
163,1610612747,2021,3370.0,7221.0,393.259,928.0,2616.0,232.81199999999998,1473.0,1990.0,381.845,803.0,2909.0,3712.0,2040.0,662.0,435.0,1225.0,1625.0,9141.0,1009.0,33
164,1610612748,2004,3157.0,7477.0,353.526,535.0,1540.0,138.168,1732.0,2282.0,417.065,1109.0,2889.0,3998.0,1792.0,700.0,372.0,1267.0,2159.0,8581.0,225.0,59
165,1610612748,2005,3735.0,7679.0,443.261,579.0,1533.0,135.26,2028.0,3017.0,402.743,1034.0,3231.0,4265.0,2128.0,628.0,570.0,1335.0,2266.0,10077.0,2997.0,52
166,1610612748,2006,4058.0,8530.0,474.802,674.0,1995.0,167.447,2217.0,3241.0,459.599,1149.0,3630.0,4779.0,2205.0,742.0,581.0,1609.0,2605.0,11007.0,2020.0,44
167,1610612748,2007,3260.0,7084.0,401.077,585.0,1734.0,151.454,1614.0,2344.0,390.741,905.0,2855.0,3760.0,1867.0,642.0,484.0,1329.0,2036.0,8719.0,-595.0,15
168,1610612748,2008,3040.0,6878.0,348.353,529.0,1476.0,136.88400000000001,1483.0,2042.0,376.06,801.0,2526.0,3327.0,1762.0,646.0,403.0,1273.0,1855.0,8092.0,-3545.0,43
169,1610612748,2009,3498.0,7675.0,386.57800000000003,669.0,1892.0,182.006,1664.0,2204.0,386.527,969.0,2828.0,3797.0,1916.0,769.0,516.0,1191.0,2002.0,9329.0,135.0,47
170,1610612748,2010,3378.0,7438.0,393.798,576.0,1658.0,160.058,1656.0,2211.0,413.88100000000003,990.0,2883.0,3873.0,1745.0,697.0,513.0,1188.0,2004.0,8988.0,730.0,58
171,1610612748,2012,3323.0,7106.0,389.457,537.0,1512.0,160.271,1774.0,2314.0,378.428,928.0,2825.0,3753.0,1759.0,780.0,478.0,1281.0,1808.0,8957.0,2790.0,66
172,1610612748,2013,4243.0,8719.0,520.004,968.0,2468.0,272.121,1968.0,2601.0,473.191,959.0,3396.0,4355.0,2533.0,986.0,596.0,1525.0,2232.0,11422.0,3965.0,54
173,1610612748,2014,4126.0,8317.0,516.597,919.0,2478.0,280.538,1904.0,2521.0,464.642,810.0,3170.0,3980.0,2382.0,971.0,469.0,1519.0,2205.0,11075.0,2125.0,37
174,1610612748,2015,3175.0,6954.0,386.509,623.0,1848.0,199.279,1620.0,2182.0,405.677,816.0,2705.0,3521.0,1785.0,733.0,411.0,1261.0,1819.0,8593.0,-1100.0,48
175,1610612748,2016,3937.0,8481.0,440.24899999999997,647.0,1928.0,208.019,1808.0,2424.0,470.969,1021.0,3593.0,4614.0,2100.0,687.0,653.0,1379.0,1962.0,10329.0,895.0,41
176,1610612748,2017,3515.0,7700.0,385.413,890.0,2436.0,217.804,1376.0,1961.0,374.071,938.0,2997.0,3935.0,1919.0,656.0,521.0,1154.0,1864.0,9296.0,660.0,44
177,1610612748,2018,3586.0,7917.0,395.533,1010.0,2828.0,240.52599999999998,1410.0,1903.0,422.454,863.0,3174.0,4037.0,2107.0,715.0,506.0,1304.0,1922.0,9592.0,-250.0,39
178,1610612748,2021,3102.0,6674.0,350.618,1033.0,2899.0,195.465,1311.0,1665.0,313.541,630.0,2667.0,3297.0,2070.0,624.0,311.0,1077.0,1529.0,8548.0,-694.0,53
179,1610612749,2004,3164.0,7114.0,364.088,427.0,1230.0,128.043,1806.0,2340.0,440.472,1027.0,2674.0,3701.0,1995.0,604.0,408.0,1169.0,1806.0,8561.0,120.0,30
180,1610612749,2005,3027.0,6743.0,351.422,326.0,940.0,103.666,1752.0,2278.0,409.406,1016.0,2458.0,3474.0,1753.0,541.0,296.0,1113.0,1837.0,8132.0,-1227.0,40
181,1610612749,2006,3434.0,7604.0,399.83,575.0,1499.0,173.836,1831.0,2476.0,437.45,1071.0,2806.0,3877.0,2026.0,703.0,295.0,1343.0,2257.0,9274.0,-665.0,28
182,1610612749,2007,3413.0,7384.0,370.483,580.0,1619.0,160.133,1541.0,2110.0,375.473,1022.0,2496.0,3518.0,1933.0,654.0,263.0,1331.0,2069.0,8947.0,-1795.0,26
183,1610612749,2008,3241.0,7276.0,354.856,483.0,1411.0,140.16,1619.0,2212.0,390.099,1145.0,2564.0,3709.0,1895.0,589.0,389.0,1309.0,1933.0,8584.0,-2825.0,34
184,1610612749,2009,3264.0,7391.0,385.711,545.0,1503.0,158.474,1783.0,2312.0,436.741,1071.0,2589.0,3660.0,1970.0,681.0,334.0,1252.0,2199.0,8856.0,-445.0,46
185,1610612749,2010,3563.0,8201.0,409.899,756.0,2146.0,208.322,1525.0,2028.0,419.768,1120.0,2989.0,4109.0,2041.0,689.0,441.0,1245.0,2216.0,9407.0,565.0,35
186,1610612749,2012,2572.0,5821.0,295.722,448.0,1304.0,121.285,1123.0,1466.0,301.712,843.0,2039.0,2882.0,1594.0,561.0,342.0,927.0,1317.0,6715.0,90.0,38
187,1610612749,2013,3547.0,8191.0,403.294,684.0,1932.0,178.731,1429.0,1945.0,435.195,1206.0,2880.0,4086.0,2151.0,777.0,628.0,1303.0,1811.0,9207.0,-910.0,15
188,1610612749,2014,3141.0,7177.0,362.29,588.0,1652.0,162.396,1499.0,2020.0,406.238,1023.0,2586.0,3609.0,1877.0,589.0,441.0,1292.0,1872.0,8369.0,-3355.0,41
189,1610612749,2015,3525.0,7799.0,430.522,629.0,1750.0,182.215,1542.0,2052.0,441.388,1031.0,2992.0,4023.0,2209.0,904.0,477.0,1515.0,2137.0,9221.0,-305.0,33
190,1610612749,2016,3367.0,7227.0,384.394,480.0,1402.0,140.492,1516.0,2035.0,375.899,921.0,2772.0,3693.0,2020.0,716.0,510.0,1306.0,1866.0,8730.0,-1815.0,42
191,1610612749,2017,3584.0,7663.0,443.9,812.0,2199.0,247.534,1615.0,2118.0,417.196,839.0,2963.0,3802.0,2226.0,767.0,495.0,1272.0,1911.0,9595.0,-290.0,44
192,1610612749,2018,3677.0,7676.0,413.999,829.0,2324.0,234.081,1659.0,2134.0,391.24,756.0,2941.0,3697.0,2165.0,799.0,510.0,1237.0,1995.0,9842.0,-290.0,60
193,1610612749,2021,4451.0,9266.0,465.546,1388.0,3711.0,328.051,1620.0,2156.0,402.314,1101.0,3814.0,4915.0,2527.0,818.0,459.0,1340.0,1800.0,11910.0,3100.0,51
194,1610612750,2004,3641.0,7951.0,407.515,431.0,1170.0,141.619,1688.0,2162.0,425.576,1048.0,3226.0,4274.0,2236.0,680.0,555.0,1261.0,2165.0,9401.0,2225.0,44
195,1610612750,2005,3189.0,6937.0,380.101,412.0,1195.0,140.772,1530.0,1930.0,397.484,981.0,2715.0,3696.0,2024.0,492.0,467.0,1104.0,1872.0,8317.0,595.0,33
196,1610612750,2006,3146.0,6924.0,364.573,359.0,1077.0,119.818,1582.0,2109.0,399.286,887.0,2651.0,3538.0,1876.0,615.0,526.0,1257.0,2106.0,8233.0,-770.0,32
197,1610612750,2007,3258.0,7069.0,380.031,411.0,1182.0,142.686,1736.0,2201.0,430.842,903.0,2728.0,3631.0,2002.0,589.0,367.0,1393.0,1978.0,8663.0,-1505.0,22
198,1610612750,2008,3281.0,7306.0,349.206,472.0,1351.0,132.867,1361.0,1852.0,364.814,1045.0,2606.0,3651.0,1740.0,670.0,336.0,1272.0,2059.0,8395.0,-2780.0,24
199,1610612750,2009,3264.0,7393.0,360.513,598.0,1693.0,167.208,1660.0,2181.0,425.41,1066.0,2687.0,3753.0,1841.0,586.0,357.0,1246.0,1974.0,8786.0,-2015.0,15
200,1610612750,2010,3368.0,7548.0,408.242,444.0,1305.0,168.264,1676.0,2238.0,455.842,1059.0,2798.0,3857.0,1763.0,668.0,332.0,1411.0,1911.0,8856.0,-3935.0,17
201,1610612750,2012,2421.0,5582.0,271.217,494.0,1462.0,147.37699999999998,1330.0,1722.0,328.71,818.0,2166.0,2984.0,1331.0,451.0,303.0,1006.0,1261.0,6666.0,-725.0,31
202,1610612750,2013,3135.0,7142.0,367.813,481.0,1584.0,150.599,1633.0,2210.0,418.576,1038.0,2670.0,3708.0,1951.0,762.0,417.0,1266.0,1645.0,8384.0,-970.0,40
203,1610612750,2014,3398.0,7673.0,387.438,657.0,1898.0,179.712,1938.0,2499.0,439.238,1102.0,2838.0,3940.0,2079.0,769.0,326.0,1195.0,1640.0,9391.0,1095.0,16
204,1610612750,2015,3261.0,7425.0,363.897,446.0,1328.0,161.597,1794.0,2311.0,437.109,1037.0,2628.0,3665.0,1938.0,753.0,354.0,1269.0,1731.0,8762.0,-3395.0,29
205,1610612750,2016,3319.0,7195.0,402.236,507.0,1484.0,180.906,1919.0,2426.0,445.782,886.0,2768.0,3654.0,2065.0,714.0,400.0,1290.0,1850.0,9064.0,-1815.0,31
206,1610612750,2017,3481.0,7511.0,365.61899999999997,654.0,1880.0,198.621,1746.0,2188.0,400.682,1017.0,2791.0,3808.0,2068.0,725.0,417.0,1219.0,1789.0,9362.0,-240.0,47
207,1610612750,2018,3665.0,7726.0,392.409,728.0,2024.0,226.031,1759.0,2195.0,415.425,926.0,2868.0,3794.0,2049.0,736.0,366.0,1081.0,1645.0,9817.0,660.0,36
208,1610612750,2021,3191.0,7137.0,362.497,1027.0,2953.0,214.445,1389.0,1827.0,363.02,817.0,2603.0,3420.0,1986.0,686.0,434.0,1079.0,1661.0,8798.0,-2012.0,46
209,1610612751,2004,3184.0,7236.0,370.251,430.0,1312.0,148.845,1659.0,2216.0,412.25600000000003,986.0,2858.0,3844.0,2248.0,812.0,385.0,1352.0,2034.0,8457.0,1200.0,42
210,1610612751,2005,3009.0,7043.0,350.57800000000003,470.0,1335.0,134.493,1733.0,2285.0,399.59,954.0,2616.0,3570.0,1941.0,705.0,324.0,1208.0,2236.0,8221.0,-869.0,49
211,1610612751,2006,3417.0,7737.0,410.848,554.0,1721.0,162.892,2099.0,2779.0,427.46,1013.0,3109.0,4122.0,2291.0,716.0,329.0,1357.0,2426.0,9487.0,510.0,41
212,1610612751,2007,3586.0,7881.0,439.086,754.0,2072.0,200.814,1980.0,2708.0,457.566,1009.0,3138.0,4147.0,2433.0,627.0,336.0,1510.0,2348.0,9906.0,-205.0,34
213,1610612751,2008,3021.0,6836.0,350.769,533.0,1525.0,149.439,1767.0,2413.0,373.685,979.0,2683.0,3662.0,2026.0,563.0,420.0,1298.0,2001.0,8342.0,-2075.0,34
214,1610612751,2009,3169.0,7072.0,376.776,687.0,1842.0,188.339,1704.0,2193.0,399.141,932.0,2607.0,3539.0,1750.0,627.0,427.0,1146.0,2018.0,8729.0,-1000.0,12
215,1610612751,2010,3045.0,7092.0,336.045,408.0,1279.0,136.082,1748.0,2265.0,403.124,970.0,2592.0,3562.0,1669.0,639.0,433.0,1229.0,1816.0,8246.0,-3740.0,24
216,1610612751,2012,2328.0,5471.0,269.816,511.0,1508.0,120.518,1142.0,1486.0,297.182,806.0,1956.0,2762.0,1346.0,503.0,269.0,988.0,1317.0,6309.0,-1975.0,49
217,1610612751,2013,3416.0,7626.0,405.348,715.0,2038.0,183.295,1672.0,2289.0,432.197,1209.0,2853.0,4062.0,1907.0,695.0,462.0,1312.0,1770.0,9219.0,800.0,44
218,1610612751,2014,3593.0,7827.0,478.666,859.0,2359.0,193.575,1879.0,2525.0,504.908,922.0,2964.0,3886.0,2087.0,860.0,381.0,1433.0,2238.0,9924.0,-490.0,38
219,1610612751,2015,3461.0,7698.0,406.99,630.0,1889.0,176.527,1565.0,2104.0,444.766,956.0,3011.0,3967.0,1956.0,663.0,388.0,1280.0,1808.0,9117.0,-1315.0,21
220,1610612751,2016,3301.0,7316.0,383.137,570.0,1618.0,173.05599999999998,1407.0,1847.0,389.392,904.0,2778.0,3682.0,1932.0,670.0,354.0,1267.0,1589.0,8579.0,-3020.0,20
221,1610612751,2017,3306.0,7477.0,418.693,949.0,2793.0,266.514,1718.0,2189.0,470.857,764.0,3071.0,3835.0,1886.0,649.0,397.0,1413.0,1861.0,9279.0,-3065.0,28
222,1610612751,2018,3297.0,7466.0,401.758,1094.0,3055.0,245.361,1506.0,1957.0,434.005,831.0,3010.0,3841.0,2028.0,551.0,409.0,1243.0,1792.0,9194.0,-1325.0,42
223,1610612751,2021,3939.0,8091.0,447.324,1304.0,3354.0,261.987,1698.0,2094.0,423.086,812.0,3295.0,4107.0,2429.0,638.0,492.0,1205.0,1782.0,10880.0,2230.0,44
224,1610612752,2004,3033.0,6910.0,349.288,426.0,1188.0,125.70100000000001,1470.0,1860.0,404.729,1012.0,2671.0,3683.0,1791.0,654.0,412.0,1330.0,2037.0,7962.0,-859.0,33
225,1610612752,2005,3094.0,6880.0,360.652,458.0,1288.0,98.857,1690.0,2202.0,411.991,1002.0,2511.0,3513.0,1744.0,666.0,271.0,1204.0,2036.0,8336.0,-981.0,23
226,1610612752,2006,3053.0,6717.0,412.674,333.0,925.0,114.848,2044.0,2832.0,467.971,1120.0,2584.0,3704.0,1591.0,629.0,293.0,1547.0,2369.0,8483.0,-2625.0,33
227,1610612752,2007,3132.0,6838.0,352.665,501.0,1469.0,110.369,1881.0,2626.0,394.084,1107.0,2709.0,3816.0,1662.0,588.0,280.0,1471.0,2123.0,8646.0,-1170.0,23
228,1610612752,2008,3088.0,7069.0,341.806,509.0,1516.0,126.562,1615.0,2218.0,395.89300000000003,1087.0,2578.0,3665.0,1590.0,556.0,228.0,1206.0,1868.0,8300.0,-2710.0,32
229,1610612752,2009,3414.0,7658.0,336.069,895.0,2482.0,191.447,1652.0,2109.0,414.346,982.0,2778.0,3760.0,1895.0,670.0,222.0,1265.0,1831.0,9375.0,-1070.0,29
230,1610612752,2010,3329.0,7389.0,331.854,799.0,2334.0,174.471,1493.0,1921.0,392.38,902.0,2690.0,3592.0,1880.0,647.0,329.0,1200.0,1784.0,8950.0,-1565.0,42
231,1610612752,2012,2582.0,5875.0,305.015,557.0,1685.0,141.129,1331.0,1801.0,304.321,836.0,2214.0,3050.0,1427.0,674.0,300.0,1126.0,1557.0,7052.0,705.0,54
232,1610612752,2013,3595.0,8138.0,424.24899999999997,1044.0,2833.0,254.299,1604.0,2110.0,379.345,1079.0,2945.0,4024.0,1895.0,834.0,363.0,1171.0,2069.0,9838.0,1895.0,37
233,1610612752,2014,3277.0,7346.0,392.786,818.0,2219.0,198.007,1383.0,1825.0,356.593,953.0,2643.0,3596.0,1766.0,680.0,404.0,1115.0,1984.0,8755.0,-325.0,17
234,1610612752,2015,3116.0,7280.0,393.997,608.0,1772.0,179.514,1327.0,1723.0,393.396,944.0,2644.0,3588.0,1890.0,641.0,408.0,1254.0,1942.0,8167.0,-3895.0,32
235,1610612752,2016,3207.0,7322.0,379.638,649.0,1870.0,200.596,1490.0,1855.0,423.4,899.0,2973.0,3872.0,1795.0,507.0,501.0,1109.0,1737.0,8553.0,-1095.0,31
236,1610612752,2017,3493.0,7792.0,405.272,763.0,2184.0,203.85899999999998,1460.0,1864.0,403.335,1061.0,2902.0,3963.0,1942.0,653.0,481.0,1186.0,1813.0,9209.0,-1450.0,29
237,1610612752,2018,3513.0,7616.0,417.638,717.0,2035.0,214.785,1311.0,1667.0,393.318,904.0,2915.0,3819.0,2008.0,600.0,439.0,1265.0,1799.0,9054.0,-1835.0,17
238,1610612752,2021,3243.0,7175.0,370.769,964.0,2498.0,221.87199999999999,1378.0,1770.0,374.331,824.0,2960.0,3784.0,1790.0,605.0,422.0,1054.0,1720.0,8828.0,844.0,37
239,1610612753,2004,2967.0,6906.0,335.257,435.0,1269.0,117.705,1514.0,2049.0,382.877,1019.0,2400.0,3419.0,1615.0,568.0,317.0,1097.0,1791.0,7883.0,-2880.0,36
240,1610612753,2005,3100.0,6828.0,360.657,333.0,945.0,101.382,1819.0,2394.0,390.01,1058.0,2608.0,3666.0,1621.0,654.0,454.0,1304.0,1989.0,8351.0,-926.0,36
241,1610612753,2006,3102.0,6601.0,387.765,320.0,873.0,107.20700000000001,1808.0,2492.0,408.586,963.0,2560.0,3523.0,1600.0,593.0,393.0,1296.0,2083.0,8332.0,-440.0,40
242,1610612753,2007,3292.0,6976.0,431.547,389.0,1092.0,138.565,1944.0,2767.0,463.372,1054.0,2763.0,3817.0,1754.0,645.0,462.0,1509.0,2220.0,8917.0,140.0,52
243,1610612753,2008,3635.0,7653.0,427.772,939.0,2432.0,231.376,1936.0,2683.0,433.538,933.0,3196.0,4129.0,2008.0,604.0,415.0,1382.0,2016.0,10145.0,2320.0,59
244,1610612753,2009,3968.0,8681.0,471.271,1065.0,2836.0,264.234,2235.0,3103.0,497.98,1082.0,3641.0,4723.0,2164.0,783.0,597.0,1510.0,2330.0,11236.0,2965.0,59
245,1610612753,2010,3756.0,7977.0,474.926,1066.0,2827.0,251.12699999999998,2077.0,2888.0,490.929,1019.0,3445.0,4464.0,2017.0,644.0,592.0,1429.0,2134.0,10655.0,3675.0,52
246,1610612753,2012,2496.0,5706.0,286.447,731.0,1966.0,165.446,1100.0,1663.0,280.308,805.0,2258.0,3063.0,1452.0,494.0,303.0,1033.0,1316.0,6823.0,-10.0,20
247,1610612753,2013,3404.0,7575.0,388.699,550.0,1664.0,145.45,1140.0,1513.0,339.099,974.0,2873.0,3847.0,2063.0,581.0,397.0,1280.0,1778.0,8498.0,-2865.0,23
248,1610612753,2014,3318.0,7450.0,389.891,615.0,1759.0,186.87,1430.0,1885.0,394.203,903.0,2904.0,3807.0,1879.0,696.0,405.0,1326.0,1877.0,8681.0,-2230.0,25
249,1610612753,2015,3340.0,7382.0,390.253,589.0,1713.0,187.89499999999998,1243.0,1717.0,364.771,902.0,2851.0,3753.0,1841.0,705.0,355.0,1299.0,1871.0,8512.0,-2430.0,35
250,1610612753,2016,3503.0,7734.0,408.734,702.0,2000.0,218.607,1367.0,1808.0,394.198,932.0,2947.0,3879.0,2100.0,736.0,449.0,1224.0,1895.0,9075.0,-605.0,29
251,1610612753,2017,3388.0,7711.0,381.131,763.0,2303.0,224.22,1440.0,1934.0,419.226,877.0,2974.0,3851.0,1962.0,635.0,428.0,1183.0,1740.0,8979.0,-2955.0,25
252,1610612753,2018,3412.0,7566.0,415.926,899.0,2583.0,238.759,1350.0,1793.0,401.505,777.0,2911.0,3688.0,2068.0,671.0,442.0,1239.0,1710.0,9073.0,-1910.0,42
253,1610612753,2021,2942.0,6855.0,317.04,839.0,2458.0,211.47299999999998,1272.0,1644.0,379.849,801.0,2703.0,3504.0,1682.0,537.0,341.0,949.0,1334.0,7995.0,-3410.0,22
254,1610612754,2004,3263.0,7569.0,401.213,547.0,1574.0,181.471,1847.0,2442.0,469.94,1148.0,2971.0,4119.0,2067.0,873.0,515.0,1324.0,2099.0,8920.0,2712.0,44
255,1610612754,2005,3198.0,7472.0,400.854,648.0,1900.0,193.079,2126.0,2691.0,507.234,1055.0,2929.0,3984.0,1815.0,767.0,455.0,1382.0,2312.0,9170.0,126.0,41
256,1610612754,2006,3226.0,7266.0,389.119,615.0,1770.0,182.682,1927.0,2595.0,466.238,1033.0,2955.0,3988.0,1892.0,711.0,469.0,1425.0,2154.0,8994.0,665.0,35
257,1610612754,2007,3129.0,7131.0,390.971,504.0,1472.0,163.145,1846.0,2445.0,457.723,1071.0,2682.0,3753.0,1838.0,675.0,494.0,1480.0,2167.0,8608.0,-1000.0,36
258,1610612754,2008,3361.0,7621.0,387.33,811.0,2169.0,210.351,1735.0,2269.0,415.14300000000003,1022.0,2869.0,3891.0,2018.0,692.0,439.0,1347.0,2120.0,9268.0,-575.0,36
259,1610612754,2009,3501.0,7738.0,391.027,702.0,1886.0,184.65,1701.0,2127.0,419.275,1017.0,2969.0,3986.0,1949.0,641.0,492.0,1294.0,2074.0,9405.0,-455.0,32
260,1610612754,2010,3287.0,7425.0,378.718,724.0,2090.0,180.649,1714.0,2230.0,436.801,848.0,2866.0,3714.0,1894.0,642.0,503.0,1287.0,2065.0,9012.0,-1235.0,37
261,1610612754,2013,3694.0,8505.0,448.207,703.0,2064.0,195.945,1964.0,2623.0,519.529,1361.0,3517.0,4878.0,2107.0,730.0,635.0,1586.0,2216.0,10055.0,1645.0,56
262,1610612754,2014,3848.0,8617.0,473.364,746.0,2074.0,220.029,1991.0,2604.0,518.025,1071.0,3670.0,4741.0,2158.0,736.0,567.0,1555.0,2259.0,10433.0,1710.0,38
263,1610612754,2015,3232.0,7362.0,396.76,663.0,1890.0,177.135,1516.0,2007.0,427.613,908.0,3057.0,3965.0,1897.0,556.0,416.0,1206.0,1895.0,8643.0,80.0,45
264,1610612754,2016,3627.0,8099.0,437.60699999999997,771.0,2211.0,174.727,1725.0,2249.0,454.29,997.0,3245.0,4242.0,1999.0,854.0,484.0,1354.0,1938.0,9750.0,910.0,42
265,1610612754,2017,3631.0,7823.0,427.028,805.0,2140.0,226.338,1629.0,2029.0,430.985,853.0,3034.0,3887.0,2079.0,758.0,453.0,1216.0,1828.0,9696.0,-120.0,48
266,1610612754,2018,3735.0,7896.0,412.538,834.0,2269.0,237.31799999999998,1363.0,1765.0,401.704,865.0,3010.0,3875.0,2039.0,809.0,375.0,1175.0,1746.0,9667.0,825.0,48
267,1610612754,2021,3456.0,7311.0,366.089,989.0,2740.0,230.106,1299.0,1656.0,378.856,726.0,2680.0,3406.0,2183.0,676.0,498.0,1058.0,1641.0,9200.0,-26.0,25
268,1610612755,2004,2702.0,6328.0,306.96,339.0,998.0,110.842,1531.0,2030.0,344.492,951.0,2440.0,3391.0,1646.0,660.0,361.0,1226.0,1731.0,7274.0,-1028.0,43
269,1610612755,2005,3203.0,7322.0,358.419,554.0,1593.0,147.969,1885.0,2408.0,410.97,978.0,2739.0,3717.0,1855.0,827.0,348.0,1358.0,2078.0,8842.0,-533.0,38
270,1610612755,2006,3249.0,7108.0,372.503,405.0,1128.0,126.06700000000001,1913.0,2534.0,392.934,952.0,2621.0,3573.0,1792.0,726.0,436.0,1232.0,1905.0,8816.0,-800.0,35
271,1610612755,2007,3121.0,6816.0,380.224,307.0,884.0,104.888,1743.0,2274.0,406.74,991.0,2464.0,3455.0,1777.0,641.0,414.0,1296.0,1787.0,8292.0,-1240.0,40
272,1610612755,2008,3430.0,7551.0,396.156,336.0,1067.0,119.572,1782.0,2513.0,444.789,1218.0,2675.0,3893.0,1875.0,825.0,447.0,1289.0,1888.0,8978.0,-40.0,41
273,1610612755,2009,3446.0,7539.0,404.516,416.0,1270.0,148.242,1907.0,2565.0,441.236,1168.0,2720.0,3888.0,1894.0,764.0,460.0,1300.0,1950.0,9215.0,-200.0,27
274,1610612755,2010,3376.0,7379.0,397.264,512.0,1485.0,182.829,1533.0,2029.0,405.306,1053.0,2685.0,3738.0,1883.0,735.0,466.0,1284.0,1874.0,8797.0,-1600.0,41
275,1610612755,2012,2957.0,6680.0,321.166,416.0,1167.0,124.17999999999999,1168.0,1580.0,331.902,864.0,2624.0,3488.0,1733.0,636.0,414.0,889.0,1448.0,7498.0,1320.0,34
276,1610612755,2013,3332.0,7478.0,359.351,575.0,1576.0,167.94299999999998,1120.0,1527.0,348.12,972.0,2738.0,3710.0,2043.0,664.0,416.0,1140.0,1655.0,8359.0,-1370.0,19
277,1610612755,2014,3310.0,7665.0,366.393,621.0,1991.0,174.54399999999998,1486.0,2098.0,391.65,1023.0,2755.0,3778.0,1920.0,825.0,362.0,1472.0,1998.0,8727.0,-4285.0,18
278,1610612755,2015,3038.0,7409.0,374.312,738.0,2319.0,185.759,1476.0,2182.0,405.919,1058.0,2801.0,3859.0,1849.0,871.0,529.0,1548.0,1970.0,8290.0,-3905.0,10
279,1610612755,2016,3198.0,7463.0,380.139,825.0,2470.0,191.565,1436.0,2073.0,397.636,856.0,2853.0,3709.0,1895.0,758.0,534.0,1425.0,1958.0,8657.0,-4510.0,28
280,1610612755,2017,3321.0,7568.0,399.097,880.0,2629.0,232.165,1553.0,2008.0,460.232,879.0,2952.0,3831.0,2081.0,749.0,460.0,1448.0,1967.0,9075.0,-2710.0,52
281,1610612755,2018,3931.0,8419.0,451.447,1059.0,2893.0,236.567,1710.0,2282.0,433.284,1061.0,3558.0,4619.0,2601.0,808.0,493.0,1527.0,2166.0,10631.0,2025.0,51
282,1610612755,2021,3666.0,7665.0,437.655,984.0,2648.0,246.627,1751.0,2330.0,395.248,873.0,3129.0,4002.0,2113.0,797.0,557.0,1221.0,1843.0,10067.0,2587.0,51
283,1610612756,2004,2984.0,6745.0,323.026,417.0,1214.0,133.073,1417.0,1895.0,361.594,936.0,2434.0,3370.0,1603.0,742.0,388.0,1220.0,1892.0,7802.0,-1535.0,62
284,1610612756,2005,4092.0,8527.0,399.501,945.0,2372.0,222.079,1941.0,2581.0,418.457,1193.0,3227.0,4420.0,2301.0,685.0,564.0,1344.0,1951.0,11070.0,3235.0,54
285,1610612756,2006,4548.0,9502.0,445.554,1106.0,2791.0,260.23,1653.0,2037.0,474.451,1004.0,3509.0,4513.0,2863.0,717.0,545.0,1403.0,2318.0,11855.0,2395.0,61
286,1610612756,2007,4033.0,8239.0,407.411,911.0,2335.0,212.615,1804.0,2239.0,446.596,927.0,3074.0,4001.0,2523.0,680.0,477.0,1408.0,2013.0,10781.0,3270.0,55
287,1610612756,2008,3866.0,7788.0,393.971,798.0,2016.0,191.491,1773.0,2288.0,431.51800000000003,822.0,3081.0,3903.0,2467.0,622.0,590.0,1322.0,1920.0,10303.0,2020.0,46
288,1610612756,2009,3658.0,7336.0,414.588,596.0,1574.0,178.187,1818.0,2462.0,461.708,1005.0,2771.0,3776.0,2072.0,649.0,469.0,1413.0,1908.0,9730.0,790.0,54
289,1610612756,2010,4217.0,8681.0,477.084,929.0,2289.0,244.954,2151.0,2794.0,540.182,1161.0,3299.0,4460.0,2398.0,638.0,529.0,1454.0,2231.0,11514.0,2380.0,40
290,1610612756,2012,2565.0,5616.0,304.827,457.0,1342.0,148.808,1100.0,1460.0,333.558,739.0,2097.0,2836.0,1528.0,449.0,377.0,927.0,1297.0,6687.0,-80.0,25
291,1610612756,2013,3328.0,7508.0,391.738,530.0,1585.0,175.828,1299.0,1757.0,395.369,1045.0,2679.0,3724.0,2026.0,719.0,478.0,1350.0,1831.0,8485.0,-2650.0,48
292,1610612756,2014,3404.0,7360.0,390.723,809.0,2186.0,205.43099999999998,1594.0,2127.0,421.599,1002.0,2802.0,3804.0,1686.0,737.0,407.0,1332.0,1949.0,9211.0,1080.0,39
293,1610612756,2015,3402.0,7536.0,393.557,752.0,2212.0,203.935,1475.0,1942.0,397.766,950.0,2848.0,3798.0,1776.0,761.0,407.0,1302.0,1899.0,9031.0,-150.0,23
294,1610612756,2016,3283.0,7556.0,380.651,796.0,2281.0,210.037,1525.0,2036.0,402.639,1011.0,2939.0,3950.0,1843.0,702.0,341.0,1463.0,2015.0,8887.0,-2625.0,24
295,1610612756,2017,3488.0,7789.0,398.985,652.0,1971.0,184.353,1824.0,2363.0,428.58,1059.0,2912.0,3971.0,1712.0,741.0,430.0,1333.0,2198.0,9452.0,-2285.0,21
296,1610612756,2018,3286.0,7454.0,367.347,806.0,2402.0,204.49699999999999,1562.0,2104.0,397.5,871.0,2924.0,3795.0,1816.0,604.0,396.0,1317.0,1896.0,8940.0,-4020.0,19
297,1610612756,2021,4336.0,8963.0,494.264,1295.0,3470.0,314.983,1605.0,1914.0,463.095,879.0,3512.0,4391.0,2666.0,727.0,429.0,1240.0,2013.0,11572.0,2617.0,64
298,1610612757,2004,2936.0,6537.0,330.636,384.0,1109.0,106.949,1286.0,1763.0,349.463,1050.0,2398.0,3448.0,1789.0,630.0,446.0,1149.0,1576.0,7542.0,-520.0,27
299,1610612757,2005,3021.0,6727.0,337.712,435.0,1214.0,106.121,1475.0,2042.0,379.645,1034.0,2519.0,3553.0,1795.0,618.0,570.0,1322.0,1796.0,7952.0,-1640.0,21
300,1610612757,2006,3027.0,6858.0,396.271,393.0,1149.0,148.206,1511.0,2179.0,404.784,979.0,2416.0,3395.0,1647.0,593.0,478.0,1259.0,2004.0,7958.0,-3875.0,32
301,1610612757,2007,3137.0,6932.0,389.04200000000003,463.0,1341.0,175.65,1759.0,2286.0,418.116,990.0,2527.0,3517.0,1648.0,613.0,405.0,1345.0,2153.0,8496.0,-1760.0,41
302,1610612757,2008,3150.0,7045.0,366.331,576.0,1518.0,173.487,1556.0,2020.0,404.048,980.0,2614.0,3594.0,1852.0,505.0,380.0,1108.0,1784.0,8432.0,-400.0,54
303,1610612757,2009,3468.0,7472.0,420.094,680.0,1766.0,208.874,1735.0,2288.0,444.03000000000003,1208.0,2713.0,3921.0,1917.0,661.0,498.0,1179.0,1978.0,9351.0,2030.0,50
304,1610612757,2010,3441.0,7531.0,401.348,563.0,1601.0,153.243,1938.0,2481.0,463.51,1094.0,2764.0,3858.0,1945.0,620.0,413.0,1149.0,2063.0,9383.0,1045.0,48
305,1610612757,2012,2473.0,5573.0,288.947,491.0,1427.0,127.636,1177.0,1475.0,303.659,751.0,2006.0,2757.0,1395.0,552.0,334.0,941.0,1314.0,6614.0,-205.0,33
306,1610612757,2013,3257.0,7275.0,374.19599999999997,733.0,2080.0,164.914,1439.0,1843.0,381.864,956.0,2681.0,3637.0,1923.0,594.0,387.0,1301.0,1675.0,8686.0,-1300.0,54
307,1610612757,2014,3863.0,8652.0,412.13,904.0,2473.0,189.405,1937.0,2398.0,484.386,1236.0,3420.0,4656.0,2232.0,557.0,489.0,1385.0,1994.0,10567.0,1290.0,51
308,1610612757,2015,3548.0,7934.0,416.775,900.0,2494.0,225.707,1477.0,1839.0,408.101,990.0,3263.0,4253.0,2012.0,597.0,428.0,1257.0,1740.0,9473.0,1575.0,44
309,1610612757,2016,3842.0,8634.0,458.532,1070.0,2891.0,244.37099999999998,1751.0,2333.0,463.077,1172.0,3420.0,4592.0,2132.0,690.0,456.0,1414.0,2213.0,10505.0,265.0,41
310,1610612757,2017,3607.0,7927.0,406.955,956.0,2564.0,231.49,1700.0,2181.0,418.456,931.0,3123.0,4054.0,1917.0,640.0,445.0,1233.0,1967.0,9870.0,-620.0,49
311,1610612757,2018,3583.0,7944.0,417.476,944.0,2574.0,229.752,1530.0,1916.0,396.385,936.0,3211.0,4147.0,1773.0,648.0,459.0,1202.0,1810.0,9640.0,1155.0,53
312,1610612757,2021,3413.0,7553.0,366.841,1292.0,3348.0,238.292,1477.0,1799.0,380.048,868.0,2798.0,3666.0,1779.0,569.0,419.0,923.0,1611.0,9595.0,311.0,27
313,1610612758,2004,3561.0,7779.0,372.548,675.0,1708.0,164.206,1879.0,2373.0,444.907,1027.0,2918.0,3945.0,2445.0,835.0,375.0,1287.0,1855.0,9676.0,2060.0,50
314,1610612758,2005,3518.0,7699.0,375.56,569.0,1557.0,144.316,1781.0,2261.0,417.139,1121.0,2660.0,3781.0,2181.0,745.0,346.0,1157.0,1921.0,9386.0,775.0,44
315,1610612758,2006,3434.0,7593.0,383.751,562.0,1634.0,147.273,2039.0,2593.0,484.887,1026.0,2861.0,3887.0,2081.0,725.0,342.0,1350.0,2022.0,9469.0,345.0,33
316,1610612758,2007,3199.0,7113.0,373.127,577.0,1647.0,163.496,2111.0,2755.0,452.301,874.0,2628.0,3502.0,1812.0,747.0,299.0,1304.0,2009.0,9086.0,-740.0,38
317,1610612758,2008,3280.0,7101.0,368.473,552.0,1492.0,172.297,1981.0,2496.0,419.745,904.0,2645.0,3549.0,1691.0,732.0,366.0,1387.0,2012.0,9093.0,-925.0,17
318,1610612758,2009,3256.0,7311.0,367.928,621.0,1718.0,194.43,1885.0,2371.0,432.322,935.0,2594.0,3529.0,1761.0,632.0,376.0,1346.0,2102.0,9018.0,-3590.0,25
319,1610612758,2010,3396.0,7465.0,390.225,526.0,1511.0,181.581,1563.0,2155.0,385.41,1074.0,2723.0,3797.0,1813.0,612.0,399.0,1281.0,2018.0,8881.0,-1790.0,24
320,1610612758,2012,2552.0,5850.0,281.55,434.0,1347.0,112.98599999999999,1171.0,1599.0,296.869,895.0,2008.0,2903.0,1313.0,580.0,334.0,959.0,1328.0,6709.0,-1875.0,28
321,1610612758,2013,3334.0,7489.0,403.039,656.0,1823.0,185.328,1586.0,2051.0,413.246,1033.0,2591.0,3624.0,1835.0,740.0,381.0,1258.0,1890.0,8910.0,-2000.0,28
322,1610612758,2014,3278.0,7332.0,381.877,547.0,1624.0,155.436,1835.0,2426.0,399.513,1065.0,2898.0,3963.0,1702.0,650.0,334.0,1317.0,2000.0,8938.0,-1190.0,29
323,1610612758,2015,3217.0,7060.0,382.71,495.0,1438.0,154.82399999999998,1992.0,2629.0,442.199,957.0,2916.0,3873.0,1782.0,594.0,352.0,1389.0,1839.0,8921.0,-1610.0,33
324,1610612758,2016,3499.0,7574.0,386.133,705.0,1994.0,204.093,1647.0,2274.0,387.014,936.0,2969.0,3905.0,2135.0,791.0,401.0,1377.0,1792.0,9350.0,-900.0,32
325,1610612758,2017,3288.0,7121.0,389.576,781.0,2067.0,218.659,1582.0,2039.0,403.448,755.0,2819.0,3574.0,1963.0,686.0,342.0,1262.0,1786.0,8939.0,-1660.0,27
326,1610612758,2018,3389.0,7553.0,400.101,787.0,2094.0,229.631,1081.0,1466.0,368.814,829.0,2756.0,3585.0,1884.0,684.0,357.0,1183.0,1767.0,8646.0,-3155.0,39
327,1610612758,2021,3389.0,7133.0,367.939,976.0,2714.0,200.05599999999998,1344.0,1813.0,363.609,762.0,2590.0,3352.0,2036.0,606.0,404.0,1054.0,1579.0,9098.0,-1381.0,30
328,1610612759,2004,3177.0,7196.0,382.955,477.0,1329.0,159.939,1563.0,2308.0,380.789,1155.0,2966.0,4121.0,1870.0,738.0,579.0,1305.0,1895.0,8394.0,3115.0,59
329,1610612759,2005,3821.0,8423.0,468.819,684.0,1852.0,218.961,2082.0,2873.0,476.603,1306.0,3265.0,4571.0,2260.0,772.0,696.0,1445.0,2301.0,10408.0,3703.0,63
330,1610612759,2006,3732.0,7912.0,476.853,644.0,1693.0,211.352,1790.0,2501.0,432.343,1044.0,3176.0,4220.0,2122.0,676.0,588.0,1387.0,2229.0,9898.0,2940.0,58
331,1610612759,2007,3867.0,8227.0,512.006,780.0,2046.0,223.312,1907.0,2556.0,486.421,1012.0,3341.0,4353.0,2315.0,751.0,540.0,1448.0,2108.0,10421.0,3850.0,56
332,1610612759,2008,3721.0,8177.0,465.722,758.0,2038.0,210.261,1700.0,2239.0,423.539,969.0,3339.0,4308.0,2171.0,643.0,426.0,1269.0,2015.0,9900.0,1890.0,54
333,1610612759,2009,3454.0,7454.0,430.217,709.0,1863.0,206.806,1426.0,1877.0,361.799,831.0,3000.0,3831.0,1973.0,562.0,371.0,1063.0,1792.0,9043.0,1390.0,50
334,1610612759,2010,3731.0,7916.0,448.56,642.0,1792.0,194.521,1775.0,2411.0,441.842,1049.0,3138.0,4187.0,2139.0,626.0,445.0,1284.0,2012.0,9879.0,1915.0,61
335,1610612759,2012,3206.0,6717.0,409.25,694.0,1757.0,204.242,1347.0,1816.0,362.009,822.0,2657.0,3479.0,1888.0,598.0,364.0,1098.0,1474.0,8453.0,2780.0,58
336,1610612759,2013,4235.0,8882.0,548.378,870.0,2337.0,272.028,1824.0,2335.0,494.466,930.0,3598.0,4528.0,2669.0,912.0,581.0,1518.0,1948.0,11164.0,3360.0,62
337,1610612759,2014,4465.0,9197.0,592.549,951.0,2377.0,288.03,1814.0,2322.0,542.814,1024.0,3753.0,4777.0,2727.0,836.0,524.0,1540.0,2074.0,11695.0,4235.0,55
338,1610612759,2015,3647.0,7828.0,475.033,784.0,2154.0,226.557,1605.0,2077.0,462.53,931.0,3175.0,4106.0,2289.0,735.0,498.0,1292.0,1867.0,9683.0,2325.0,67
339,1610612759,2016,3880.0,8095.0,515.509,693.0,1831.0,236.538,1620.0,2027.0,472.901,901.0,3350.0,4251.0,2344.0,828.0,582.0,1231.0,1744.0,10073.0,4760.0,61
340,1610612759,2017,4078.0,8745.0,530.306,939.0,2442.0,284.433,1838.0,2312.0,479.231,1077.0,3498.0,4575.0,2430.0,845.0,591.0,1354.0,1925.0,10933.0,3150.0,47
341,1610612759,2018,3579.0,7819.0,444.75,789.0,2248.0,232.18,1494.0,1922.0,422.997,933.0,3097.0,4030.0,2092.0,707.0,501.0,1178.0,1605.0,9441.0,1146.0,48
342,1610612759,2021,3306.0,7231.0,367.667,791.0,2282.0,189.269,1376.0,1745.0,390.733,748.0,2784.0,3532.0,1954.0,564.0,404.0,910.0,1447.0,8779.0,-875.0,34
343,1610612760,2004,2959.0,6639.0,345.197,727.0,1945.0,168.355,1384.0,1811.0,385.795,911.0,2349.0,3260.0,1796.0,670.0,396.0,1139.0,1810.0,8029.0,-292.0,52
344,1610612760,2005,3365.0,7568.0,399.15,740.0,2057.0,157.343,1990.0,2516.0,470.056,1217.0,2694.0,3911.0,1710.0,649.0,399.0,1239.0,2307.0,9460.0,842.0,35
345,1610612760,2006,3309.0,7246.0,390.968,645.0,1743.0,136.836,1805.0,2299.0,453.623,1085.0,2432.0,3517.0,1823.0,681.0,336.0,1258.0,2109.0,9068.0,-1240.0,31
346,1610612760,2007,3334.0,7249.0,374.547,560.0,1578.0,124.715,1706.0,2157.0,431.82,1027.0,2543.0,3570.0,1856.0,704.0,329.0,1343.0,2003.0,8934.0,-1185.0,20
347,1610612760,2008,3398.0,7642.0,381.24,339.0,1024.0,123.508,1574.0,2062.0,427.233,1062.0,2922.0,3984.0,1906.0,598.0,433.0,1380.0,1869.0,8709.0,-3590.0,23
348,1610612760,2009,3229.0,7269.0,357.562,346.0,1018.0,118.943,1801.0,2305.0,408.442,1091.0,2714.0,3805.0,1777.0,679.0,404.0,1404.0,1825.0,8605.0,-2500.0,50
349,1610612760,2010,3483.0,7633.0,402.041,480.0,1433.0,151.257,2091.0,2619.0,426.329,1102.0,2987.0,4089.0,1866.0,766.0,552.0,1349.0,2068.0,9537.0,1380.0,55
350,1610612760,2012,3274.0,6969.0,395.56,624.0,1749.0,167.903,1848.0,2285.0,372.453,934.0,2840.0,3774.0,1619.0,688.0,691.0,1319.0,1844.0,9020.0,2420.0,60
351,1610612760,2013,3780.0,7985.0,452.173,747.0,1999.0,214.387,2143.0,2591.0,445.876,1052.0,3304.0,4356.0,2121.0,803.0,742.0,1458.0,2086.0,10450.0,3850.0,59
352,1610612760,2014,4095.0,8803.0,494.67,840.0,2401.0,235.053,2195.0,2722.0,474.242,1168.0,3627.0,4795.0,2291.0,850.0,658.0,1604.0,2439.0,11225.0,2500.0,45
353,1610612760,2015,3429.0,7695.0,389.161,679.0,2019.0,187.97799999999998,1684.0,2240.0,377.675,1141.0,3052.0,4193.0,1815.0,656.0,491.0,1272.0,2030.0,9221.0,500.0,55
354,1610612760,2016,4265.0,9017.0,494.959,873.0,2519.0,250.905,2074.0,2664.0,451.821,1353.0,3710.0,5063.0,2371.0,775.0,613.0,1604.0,2178.0,11477.0,3675.0,47
355,1610612760,2017,3584.0,7951.0,425.786,772.0,2343.0,213.138,1734.0,2339.0,377.873,1109.0,3129.0,4238.0,1907.0,720.0,467.0,1339.0,1939.0,9674.0,130.0,48
356,1610612760,2018,3600.0,7981.0,410.794,980.0,2760.0,238.655,1566.0,2181.0,350.667,1105.0,3000.0,4105.0,1910.0,814.0,453.0,1241.0,1856.0,9746.0,1340.0,49
357,1610612760,2021,2999.0,6834.0,339.614,936.0,2753.0,222.71099999999998,1198.0,1657.0,335.865,766.0,2791.0,3557.0,1721.0,550.0,343.0,1213.0,1415.0,8132.0,-4110.0,24
358,1610612761,2004,2685.0,6429.0,293.437,463.0,1304.0,130.201,1249.0,1666.0,329.491,841.0,2447.0,3288.0,1591.0,614.0,408.0,1109.0,1771.0,7082.0,-1235.0,33
359,1610612761,2005,3077.0,6952.0,359.058,680.0,1761.0,173.69,1719.0,2231.0,411.598,881.0,2577.0,3458.0,1766.0,659.0,335.0,1109.0,1984.0,8553.0,-670.0,27
360,1610612761,2006,3249.0,7190.0,360.57,644.0,1729.0,165.108,1827.0,2326.0,412.411,934.0,2476.0,3410.0,1741.0,613.0,302.0,1142.0,2176.0,8969.0,-1225.0,47
361,1610612761,2007,3467.0,7564.0,421.839,619.0,1706.0,184.119,1876.0,2373.0,457.899,875.0,2863.0,3738.0,2074.0,692.0,367.0,1265.0,1996.0,9429.0,245.0,41
362,1610612761,2008,3442.0,7397.0,409.265,641.0,1646.0,204.034,1471.0,1812.0,398.161,863.0,2733.0,3596.0,2147.0,643.0,357.0,1000.0,1784.0,8996.0,1068.0,33
363,1610612761,2009,3292.0,7218.0,365.803,524.0,1395.0,169.227,1671.0,2039.0,398.477,865.0,2729.0,3594.0,1987.0,588.0,421.0,1168.0,1742.0,8779.0,-1155.0,40
364,1610612761,2010,3479.0,7266.0,425.701,547.0,1516.0,180.463,1792.0,2349.0,435.223,893.0,2735.0,3628.0,1964.0,542.0,429.0,1201.0,2038.0,9297.0,-730.0,22
365,1610612761,2012,2320.0,5301.0,290.968,373.0,1111.0,117.451,1121.0,1459.0,302.474,726.0,2132.0,2858.0,1412.0,445.0,333.0,997.0,1589.0,6134.0,-1090.0,34
366,1610612761,2013,3200.0,7169.0,379.925,623.0,1803.0,164.434,1564.0,1992.0,401.73,935.0,2606.0,3541.0,1898.0,654.0,428.0,1178.0,1980.0,8587.0,-605.0,48
367,1610612761,2014,3466.0,7767.0,406.022,806.0,2210.0,210.037,1960.0,2485.0,443.125,1081.0,3017.0,4098.0,1990.0,670.0,392.0,1337.0,2256.0,9698.0,1275.0,49
368,1610612761,2015,3500.0,7720.0,422.989,807.0,2311.0,191.63299999999998,1791.0,2302.0,415.464,975.0,2863.0,3838.0,1907.0,708.0,387.0,1158.0,1990.0,9598.0,1155.0,56
369,1610612761,2016,3924.0,8854.0,469.464,893.0,2519.0,230.262,2212.0,2881.0,483.732,1129.0,3545.0,4674.0,1969.0,848.0,549.0,1336.0,2213.0,10953.0,1625.0,51
370,1610612761,2017,3786.0,8214.0,448.199,846.0,2359.0,222.773,1916.0,2408.0,441.579,1005.0,3190.0,4195.0,1814.0,822.0,474.0,1180.0,2050.0,10334.0,1415.0,59
371,1610612761,2018,3960.0,8399.0,497.538,1134.0,3180.0,276.154,1720.0,2168.0,473.303,936.0,3284.0,4220.0,2329.0,734.0,587.0,1275.0,2134.0,10774.0,3130.0,58
372,1610612761,2021,3071.0,6897.0,331.689,1138.0,3101.0,229.482,1332.0,1646.0,348.164,726.0,2510.0,3236.0,1888.0,688.0,420.0,992.0,1689.0,8612.0,-225.0,48
373,1610612762,2004,2721.0,6237.0,356.472,253.0,793.0,114.601,1663.0,2228.0,409.025,1111.0,2301.0,3412.0,1692.0,589.0,498.0,1273.0,2117.0,7358.0,-493.0,26
374,1610612762,2005,2952.0,6584.0,380.829,261.0,790.0,133.778,1803.0,2389.0,442.337,1104.0,2345.0,3449.0,1907.0,579.0,392.0,1315.0,2317.0,7968.0,-1750.0,41
375,1610612762,2006,2968.0,6714.0,377.043,331.0,982.0,135.694,1921.0,2658.0,444.776,1156.0,2580.0,3736.0,1911.0,576.0,533.0,1370.0,2238.0,8188.0,-1080.0,51
376,1610612762,2007,3981.0,8465.0,474.051,458.0,1367.0,161.4,2386.0,3210.0,567.386,1375.0,3222.0,4597.0,2571.0,774.0,460.0,1651.0,2773.0,10806.0,1250.0,54
377,1610612762,2008,3965.0,8146.0,466.577,501.0,1372.0,163.648,2134.0,2825.0,534.01,1215.0,2972.0,4187.0,2584.0,863.0,463.0,1445.0,2459.0,10565.0,2805.0,48
378,1610612762,2009,3562.0,7556.0,419.64300000000003,445.0,1272.0,150.681,2103.0,2757.0,486.812,1088.0,2757.0,3845.0,2317.0,838.0,430.0,1366.0,2141.0,9672.0,855.0,53
379,1610612762,2010,3856.0,7894.0,448.768,533.0,1452.0,178.69299999999998,2085.0,2818.0,494.786,1074.0,3048.0,4122.0,2580.0,808.0,472.0,1441.0,2331.0,10330.0,2080.0,39
380,1610612762,2012,2717.0,6026.0,327.36199999999997,288.0,918.0,109.574,1382.0,1839.0,371.41700000000003,956.0,2247.0,3203.0,1541.0,589.0,420.0,990.0,1573.0,7104.0,-115.0,43
381,1610612762,2013,3334.0,7352.0,403.271,552.0,1490.0,169.018,1612.0,2128.0,438.587,1092.0,2717.0,3809.0,2032.0,777.0,566.0,1297.0,1934.0,8832.0,-35.0,25
382,1610612762,2014,3225.0,7325.0,391.623,595.0,1717.0,190.834,1480.0,2001.0,383.798,1005.0,2744.0,3749.0,1832.0,626.0,410.0,1284.0,1893.0,8525.0,-2940.0,38
383,1610612762,2015,3191.0,7113.0,393.171,672.0,1948.0,201.10399999999998,1562.0,2173.0,375.28,1075.0,2904.0,3979.0,1804.0,682.0,524.0,1318.0,1777.0,8616.0,425.0,40
384,1610612762,2016,3194.0,7146.0,404.028,739.0,2097.0,209.191,1567.0,2121.0,403.242,948.0,2907.0,3855.0,1675.0,704.0,460.0,1265.0,1816.0,8694.0,750.0,51
385,1610612762,2017,3596.0,7751.0,463.839,925.0,2511.0,251.079,1715.0,2305.0,435.249,889.0,3304.0,4193.0,1958.0,678.0,473.0,1267.0,1908.0,9832.0,1495.0,48
386,1610612762,2018,3679.0,7977.0,432.12,1033.0,2838.0,241.65699999999998,1612.0,2100.0,443.332,880.0,3296.0,4176.0,2131.0,829.0,488.0,1373.0,1915.0,10003.0,1820.0,50
387,1610612762,2021,3643.0,7784.0,429.582,1493.0,3822.0,258.63599999999997,1571.0,1969.0,397.031,936.0,3297.0,4233.0,2070.0,563.0,431.0,1195.0,1696.0,10350.0,3576.0,49
388,1610612763,2004,3126.0,7028.0,377.217,466.0,1380.0,136.775,1651.0,2271.0,424.28000000000003,1099.0,2515.0,3614.0,1998.0,851.0,592.0,1261.0,2038.0,8369.0,720.0,45
389,1610612763,2005,3028.0,6745.0,373.896,564.0,1572.0,164.084,1626.0,2165.0,426.75,955.0,2475.0,3430.0,1848.0,735.0,514.0,1212.0,2059.0,8246.0,719.0,49
390,1610612763,2006,3075.0,6881.0,389.827,654.0,1745.0,166.27,1708.0,2406.0,424.541,934.0,2694.0,3628.0,1776.0,688.0,485.0,1244.0,2073.0,8512.0,1235.0,22
391,1610612763,2007,3242.0,7013.0,392.58,524.0,1456.0,124.504,2029.0,2689.0,492.085,963.0,2587.0,3550.0,1804.0,642.0,443.0,1434.0,2037.0,9037.0,-2110.0,22
392,1610612763,2008,3239.0,7148.0,362.633,664.0,1888.0,161.541,1640.0,2272.0,402.857,910.0,2727.0,3637.0,1685.0,547.0,420.0,1297.0,1709.0,8782.0,-2545.0,24
393,1610612763,2009,3127.0,6938.0,379.133,439.0,1233.0,143.685,1731.0,2321.0,429.108,937.0,2576.0,3513.0,1555.0,676.0,436.0,1284.0,1957.0,8424.0,-2240.0,40
394,1610612763,2010,3507.0,7504.0,382.103,379.0,1143.0,127.414,1791.0,2452.0,428.845,1181.0,2733.0,3914.0,1704.0,717.0,446.0,1347.0,1866.0,9184.0,-620.0,46
395,1610612763,2012,2720.0,6110.0,310.58,309.0,966.0,103.334,1330.0,1758.0,349.984,948.0,2205.0,3153.0,1445.0,693.0,392.0,1061.0,1527.0,7079.0,690.0,56
396,1610612763,2013,3728.0,8483.0,436.83299999999997,496.0,1438.0,159.43699999999998,1825.0,2387.0,479.325,1328.0,3128.0,4456.0,2156.0,865.0,534.0,1345.0,2155.0,9777.0,1745.0,50
397,1610612763,2014,3599.0,7884.0,437.317,468.0,1367.0,156.712,1506.0,2053.0,420.038,1111.0,2956.0,4067.0,2084.0,755.0,416.0,1261.0,1877.0,9172.0,455.0,55
398,1610612763,2015,3734.0,8245.0,465.93,510.0,1516.0,188.682,1799.0,2326.0,492.014,1047.0,3195.0,4242.0,2136.0,862.0,429.0,1292.0,1943.0,9777.0,1085.0,42
399,1610612763,2016,3333.0,7646.0,396.322,557.0,1696.0,182.668,1752.0,2252.0,472.012,1036.0,2822.0,3858.0,1871.0,804.0,387.0,1211.0,2008.0,8975.0,-1150.0,43
400,1610612763,2017,3408.0,7830.0,407.226,882.0,2489.0,246.767,1763.0,2263.0,466.7,992.0,2983.0,3975.0,1978.0,755.0,387.0,1167.0,2129.0,9461.0,110.0,22
401,1610612763,2018,3204.0,7216.0,401.231,792.0,2265.0,226.66899999999998,1466.0,1876.0,411.66,827.0,2736.0,3563.0,1879.0,660.0,426.0,1268.0,2012.0,8666.0,-2315.0,33
402,1610612763,2021,3722.0,8060.0,413.839,991.0,2821.0,267.593,1478.0,1922.0,419.558,981.0,3135.0,4116.0,2294.0,793.0,454.0,1121.0,1687.0,9913.0,236.0,56
403,1610612764,2004,2822.0,6695.0,340.98,444.0,1293.0,122.268,1618.0,2269.0,384.423,1140.0,2450.0,3590.0,1578.0,752.0,420.0,1413.0,1760.0,7706.0,-2289.0,45
404,1610612764,2005,3408.0,7833.0,362.676,578.0,1726.0,160.50900000000001,2125.0,2930.0,419.682,1302.0,2747.0,4049.0,1784.0,834.0,417.0,1339.0,2144.0,9519.0,-255.0,42
405,1610612764,2006,3440.0,7751.0,379.699,571.0,1618.0,144.703,2214.0,2973.0,435.52,1226.0,2742.0,3968.0,1761.0,778.0,412.0,1323.0,2204.0,9665.0,765.0,41
406,1610612764,2007,3480.0,7748.0,415.556,629.0,1818.0,156.51,2094.0,2755.0,446.33,1124.0,2733.0,3857.0,1879.0,724.0,417.0,1280.0,2145.0,9683.0,-385.0,43
407,1610612764,2008,3360.0,7618.0,375.958,631.0,1814.0,161.12800000000001,1823.0,2353.0,448.896,1148.0,2754.0,3902.0,1802.0,731.0,462.0,1198.0,1882.0,9174.0,-235.0,19
408,1610612764,2009,3208.0,7206.0,376.91700000000003,435.0,1313.0,139.071,1599.0,2098.0,408.958,1029.0,2555.0,3584.0,1761.0,677.0,401.0,1235.0,1837.0,8450.0,-3060.0,26
409,1610612764,2010,3293.0,7327.0,383.028,471.0,1340.0,152.129,1609.0,2130.0,407.0,1041.0,2708.0,3749.0,1723.0,556.0,457.0,1289.0,1951.0,8666.0,-1960.0,23
410,1610612764,2012,2475.0,5654.0,296.306,349.0,1108.0,98.89,1053.0,1442.0,296.994,808.0,2029.0,2837.0,1288.0,548.0,425.0,992.0,1450.0,6352.0,-1585.0,29
411,1610612764,2013,3190.0,7374.0,378.936,606.0,1669.0,149.168,1423.0,1935.0,386.195,1000.0,2896.0,3896.0,1946.0,659.0,397.0,1322.0,1882.0,8409.0,-1040.0,44
412,1610612764,2014,3793.0,8368.0,426.262,762.0,2059.0,176.984,1562.0,2155.0,416.308,1093.0,3161.0,4254.0,2271.0,827.0,476.0,1415.0,2069.0,9910.0,570.0,46
413,1610612764,2015,3735.0,8149.0,450.191,623.0,1714.0,179.76,1624.0,2200.0,459.403,1037.0,3383.0,4420.0,2332.0,733.0,461.0,1443.0,2067.0,9717.0,395.0,41
414,1610612764,2016,3478.0,7558.0,403.89799999999997,756.0,2129.0,221.367,1474.0,2007.0,428.8,803.0,2900.0,3703.0,2164.0,762.0,353.0,1235.0,1846.0,9186.0,-100.0,49
415,1610612764,2017,4196.0,8901.0,463.486,918.0,2539.0,232.498,1790.0,2294.0,453.324,1062.0,3320.0,4382.0,2417.0,880.0,443.0,1372.0,2197.0,11100.0,995.0,43
416,1610612764,2018,3675.0,7867.0,440.538,899.0,2419.0,241.841,1567.0,2020.0,442.847,911.0,3030.0,3941.0,2296.0,728.0,398.0,1296.0,1948.0,9816.0,265.0,32
417,1610612764,2021,3568.0,7562.0,412.423,844.0,2426.0,231.748,1662.0,2170.0,396.716,804.0,2964.0,3768.0,2108.0,609.0,354.0,1178.0,1831.0,9642.0,-1115.0,35
418,1610612765,2004,3540.0,8227.0,431.524,436.0,1303.0,156.72,2074.0,2781.0,503.067,1334.0,3278.0,4612.0,2190.0,874.0,741.0,1532.0,2231.0,9590.0,3130.0,54
419,1610612765,2005,3852.0,8694.0,425.516,495.0,1449.0,160.296,2075.0,2815.0,496.215,1409.0,3350.0,4759.0,2385.0,821.0,668.0,1453.0,2277.0,10274.0,2174.0,64
420,1610612765,2006,3837.0,8541.0,443.637,722.0,1881.0,219.02,1926.0,2654.0,464.719,1290.0,3093.0,4383.0,2475.0,754.0,630.0,1201.0,2093.0,10322.0,3020.0,53
421,1610612765,2007,3741.0,8299.0,439.981,572.0,1665.0,177.434,2044.0,2674.0,478.602,1224.0,3053.0,4277.0,2267.0,761.0,593.0,1296.0,2239.0,10098.0,1940.0,59
422,1610612765,2008,3853.0,8479.0,498.236,605.0,1670.0,193.117,2019.0,2637.0,508.047,1259.0,3102.0,4361.0,2351.0,755.0,621.0,1217.0,2277.0,10330.0,3225.0,39
423,1610612765,2009,3358.0,7473.0,408.168,426.0,1221.0,146.83,1594.0,2121.0,410.003,1058.0,2787.0,3845.0,1915.0,579.0,436.0,1085.0,1995.0,8736.0,-510.0,27
424,1610612765,2010,3216.0,7178.0,399.094,410.0,1283.0,147.009,1656.0,2273.0,422.499,1125.0,2478.0,3603.0,1730.0,655.0,339.0,1176.0,2047.0,8498.0,-2095.0,30
425,1610612765,2012,2346.0,5379.0,276.268,331.0,953.0,112.138,1151.0,1529.0,300.64,796.0,1952.0,2748.0,1260.0,477.0,293.0,1010.0,1357.0,6174.0,-1580.0,29
426,1610612765,2013,3246.0,7273.0,399.844,554.0,1591.0,180.607,1454.0,2082.0,396.584,1081.0,2718.0,3799.0,1897.0,638.0,436.0,1338.0,1814.0,8500.0,-1635.0,29
427,1610612765,2014,3410.0,7646.0,364.123,558.0,1721.0,168.423,1563.0,2319.0,370.043,1268.0,2759.0,4027.0,1853.0,749.0,426.0,1280.0,1837.0,8941.0,-1500.0,32
428,1610612765,2015,3290.0,7608.0,365.551,762.0,2214.0,198.927,1433.0,2047.0,373.454,1122.0,2873.0,3995.0,1947.0,688.0,416.0,1151.0,1727.0,8775.0,-250.0,44
429,1610612765,2016,3557.0,8055.0,388.251,853.0,2453.0,223.606,1598.0,2365.0,421.193,1134.0,3159.0,4293.0,1863.0,660.0,350.0,1215.0,1799.0,9565.0,350.0,37
430,1610612765,2017,3485.0,7767.0,386.493,671.0,2044.0,179.587,1233.0,1711.0,387.239,969.0,3044.0,4013.0,1859.0,623.0,330.0,1031.0,1584.0,8874.0,-325.0,39
431,1610612765,2018,3410.0,7566.0,382.29699999999997,929.0,2492.0,226.358,1277.0,1717.0,365.258,887.0,2925.0,3812.0,1986.0,663.0,332.0,1111.0,1601.0,9026.0,-55.0,41
432,1610612765,2021,3073.0,6862.0,373.148,919.0,2656.0,202.856,1381.0,1832.0,376.271,758.0,2638.0,3396.0,1921.0,611.0,392.0,1168.0,1636.0,8446.0,-1575.0,23
433,1610612766,2005,3046.0,7060.0,347.472,330.0,909.0,125.639,1520.0,2140.0,409.041,1113.0,2410.0,3523.0,1855.0,730.0,442.0,1181.0,1971.0,7942.0,-2440.0,26
434,1610612766,2006,3242.0,7517.0,357.558,460.0,1372.0,127.043,1744.0,2402.0,448.895,1093.0,2493.0,3586.0,1890.0,914.0,387.0,1240.0,2215.0,8688.0,-1640.0,33
435,1610612766,2007,3231.0,7288.0,383.32,486.0,1382.0,137.514,1779.0,2431.0,444.074,1025.0,2566.0,3591.0,2011.0,715.0,401.0,1319.0,2237.0,8727.0,-1535.0,32
436,1610612766,2008,3198.0,7090.0,363.57800000000003,563.0,1542.0,141.748,1670.0,2321.0,394.983,961.0,2635.0,3596.0,1881.0,669.0,435.0,1255.0,1958.0,8629.0,-1795.0,35
437,1610612766,2009,3110.0,6938.0,389.59,522.0,1448.0,168.96,1644.0,2209.0,410.134,993.0,2600.0,3593.0,1877.0,659.0,442.0,1371.0,1975.0,8386.0,-520.0,44
438,1610612766,2010,3232.0,7167.0,410.041,518.0,1532.0,169.787,1930.0,2563.0,457.309,974.0,2818.0,3792.0,1880.0,720.0,516.0,1438.0,1942.0,8912.0,415.0,34
439,1610612766,2012,2248.0,5439.0,286.013,271.0,918.0,95.15599999999999,1126.0,1513.0,292.747,697.0,1950.0,2647.0,1356.0,411.0,374.0,933.0,1293.0,5893.0,-4590.0,21
440,1610612766,2013,3077.0,7308.0,366.569,523.0,1571.0,154.68,1695.0,2269.0,418.867,1012.0,2624.0,3636.0,1731.0,663.0,515.0,1191.0,1732.0,8372.0,-3785.0,43
441,1610612766,2014,3365.0,7647.0,408.816,589.0,1693.0,177.246,1709.0,2335.0,430.125,900.0,3115.0,4015.0,2007.0,583.0,483.0,1125.0,1712.0,9028.0,-285.0,33
442,1610612766,2015,3191.0,7612.0,370.551,551.0,1736.0,154.944,1547.0,2057.0,425.25,895.0,3070.0,3965.0,1833.0,552.0,492.0,1017.0,1691.0,8480.0,-1430.0,48
443,1610612766,2016,3528.0,8122.0,425.323,987.0,2745.0,266.812,1859.0,2352.0,496.089,843.0,3403.0,4246.0,2027.0,691.0,485.0,1140.0,1758.0,9902.0,1195.0,36
444,1610612766,2017,3318.0,7589.0,387.285,866.0,2526.0,188.367,1741.0,2146.0,488.633,793.0,3111.0,3904.0,2024.0,621.0,425.0,1004.0,1486.0,9243.0,-175.0,36
445,1610612766,2018,3386.0,7537.0,390.534,872.0,2379.0,212.096,1738.0,2334.0,451.135,876.0,3078.0,3954.0,1869.0,594.0,393.0,1093.0,1502.0,9382.0,90.0,39
446,1610612766,2021,3210.0,7117.0,352.73199999999997,1095.0,2976.0,211.146,1299.0,1729.0,378.59,855.0,2704.0,3559.0,2173.0,640.0,386.0,1160.0,1485.0,8814.0,-899.0,43
